{
  "timestamp": "2026-01-27T21:48:41.390949",
  "total_results": 199,
  "results": [
    {
      "nom": "Plombier Repare.com Travaux plomberie salle de bain douche senior chauffage rénovation Assurance DEPANNAGE (77,45,89,91)",
      "telephone": "06 02 45 68 38",
      "site_web": "https://www.plombierrepare.com/",
      "adresse": "6 Rue du Prieuré",
      "code_postal": "12690",
      "ville": null,
      "note": 4.5,
      "nb_avis": 58,
      "departement": "12",
      "recherche": "plombier",
      "ville_recherche": "Nemours",
      "departement_recherche": "77"
    },
    {
      "nom": "Ste Arnaud.com",
      "telephone": "06 35 12 70 65",
      "site_web": "http://www.ste-arnaud.com/?utm_source=gmb",
      "adresse": "9 Rue de la Cordonnerie",
      "code_postal": "12690",
      "ville": null,
      "note": 4.4,
      "nb_avis": 62,
      "departement": "12",
      "recherche": "plombier",
      "ville_recherche": "Provins",
      "departement_recherche": "77"
    },
    {
      "nom": "Canalis’eau",
      "telephone": "06 72 04 53 46",
      "site_web": "http://www.gazdot.fr/",
      "adresse": "3A Bd Micha",
      "code_postal": "25180",
      "ville": null,
      "note": 5.0,
      "nb_avis": 38,
      "departement": "25",
      "recherche": "plombier",
      "ville_recherche": "Serris",
      "departement_recherche": "77"
    },
    {
      "nom": "CDS Plomberie",
      "telephone": "01 60 35 08 63",
      "site_web": "https://www.facebook.com/CDS-Plomberie-281379625642043/",
      "adresse": "5 Rue Jean Jaurès",
      "code_postal": "12690",
      "ville": null,
      "note": 4.7,
      "nb_avis": 12,
      "departement": "12",
      "recherche": "plombier",
      "ville_recherche": "Claye-Souilly",
      "departement_recherche": "77"
    },
    {
      "nom": "Batista Plomberie",
      "telephone": "06 01 95 46 38",
      "site_web": "https://www.batista-plomberie.fr/",
      "adresse": "42 Rue de Carnetin",
      "code_postal": "12690",
      "ville": null,
      "note": 5.0,
      "nb_avis": 29,
      "departement": "12",
      "recherche": "plombier",
      "ville_recherche": "Thorigny-sur-Marne",
      "departement_recherche": "77"
    },
    {
      "nom": "AB Plomb’Elec",
      "telephone": "06 59 98 45 21",
      "site_web": "http://www.abplombelec.fr/",
      "adresse": null,
      "code_postal": "12690",
      "ville": null,
      "note": 4.7,
      "nb_avis": 51,
      "departement": "12",
      "recherche": "plombier",
      "ville_recherche": "Dammartin-en-Goële",
      "departement_recherche": "77"
    },
    {
      "nom": "BOUVERET YANN PLOMBIER CHAUFFAGISTE 77",
      "telephone": "01 44 90 11 31",
      "site_web": "https://www.chauffage-et-clim.net/entreprise/bouveret-yann-plombier-chauffagiste-492092838/",
      "adresse": null,
      "code_postal": "12690",
      "ville": null,
      "note": 4.5,
      "nb_avis": 15,
      "departement": "12",
      "recherche": "plombier",
      "ville_recherche": "Cesson",
      "departement_recherche": "77"
    },
    {
      "nom": "MTD",
      "telephone": null,
      "site_web": null,
      "adresse": "591 Rue de la Noue",
      "code_postal": "12690",
      "ville": null,
      "note": 5.0,
      "nb_avis": 16,
      "departement": "12",
      "recherche": "plombier",
      "ville_recherche": "Vaux-le-Pénil",
      "departement_recherche": "77"
    },
    {
      "nom": "AMCA chauffagiste plombier",
      "telephone": "07 58 50 32 79",
      "site_web": "https://www.amcachauffageclimplomberie.com/",
      "adresse": null,
      "code_postal": "12690",
      "ville": null,
      "note": 4.5,
      "nb_avis": 83,
      "departement": "12",
      "recherche": "plombier",
      "ville_recherche": "Moret-Loing-et-Orvanne",
      "departement_recherche": "77"
    },
    {
      "nom": "C.N.E",
      "telephone": "01 64 31 55 01",
      "site_web": "https://www.chauffage-plomberie-cne-nemours.fr/",
      "adresse": null,
      "code_postal": "12690",
      "ville": null,
      "note": 4.4,
      "nb_avis": 39,
      "departement": "12",
      "recherche": "plombier",
      "ville_recherche": "Nemours",
      "departement_recherche": "77"
    },
    {
      "nom": "Pierre Soliveau & Fils",
      "telephone": "01 60 22 30 42",
      "site_web": "http://www.soliveau.com/",
      "adresse": "4 Rue du Hainault",
      "code_postal": "25180",
      "ville": null,
      "note": 4.5,
      "nb_avis": 29,
      "departement": "25",
      "recherche": "plombier",
      "ville_recherche": "La Ferté-sous-Jouarre",
      "departement_recherche": "77"
    },
    {
      "nom": "MORIN PERE ET FILS",
      "telephone": "06 85 56 60 86",
      "site_web": "https://www.facebook.com/profile.php?id=100055487095821",
      "adresse": null,
      "code_postal": "12690",
      "ville": null,
      "note": 4.8,
      "nb_avis": 198,
      "departement": "12",
      "recherche": "plombier",
      "ville_recherche": "Provins",
      "departement_recherche": "77"
    },
    {
      "nom": "GAZ DOT",
      "telephone": "01 64 66 00 89",
      "site_web": "http://www.gazdot.fr/",
      "adresse": "3A Bd Micha",
      "code_postal": "83983",
      "ville": null,
      "note": 4.3,
      "nb_avis": 253,
      "departement": "83",
      "recherche": "plombier",
      "ville_recherche": "Serris",
      "departement_recherche": "77"
    },
    {
      "nom": "E.p.v.c.",
      "telephone": "06 98 53 89 73",
      "site_web": null,
      "adresse": null,
      "code_postal": "12690",
      "ville": null,
      "note": 5.0,
      "nb_avis": 3,
      "departement": "12",
      "recherche": "plombier",
      "ville_recherche": "Claye-Souilly",
      "departement_recherche": "77"
    },
    {
      "nom": "JR Plomberie 77",
      "telephone": "06 60 37 39 59",
      "site_web": "https://www.jrplomberie77.fr/",
      "adresse": "15 Rue de la Sente d'Eve",
      "code_postal": "12690",
      "ville": null,
      "note": 4.9,
      "nb_avis": 47,
      "departement": "12",
      "recherche": "plombier",
      "ville_recherche": "Dammartin-en-Goële",
      "departement_recherche": "77"
    },
    {
      "nom": "Ets Latour",
      "telephone": "01 83 64 52 15",
      "site_web": "https://www.ets-seine-et-marnais.fr/",
      "adresse": null,
      "code_postal": "12690",
      "ville": null,
      "note": 5.0,
      "nb_avis": 10,
      "departement": "12",
      "recherche": "plombier",
      "ville_recherche": "Thorigny-sur-Marne",
      "departement_recherche": "77"
    },
    {
      "nom": "CPCS Cesson Plomberie Chauffage Sanitaire",
      "telephone": "02 99 86 08 87",
      "site_web": "http://www.cpcs-plomberie-chauffage.fr/?utm_source=gmb",
      "adresse": null,
      "code_postal": "12690",
      "ville": null,
      "note": 4.6,
      "nb_avis": 22,
      "departement": "12",
      "recherche": "plombier",
      "ville_recherche": "Cesson",
      "departement_recherche": "77"
    },
    {
      "nom": "Eau'rel Plomberie",
      "telephone": "06 16 60 42 38",
      "site_web": "http://www.eaurel-plomberie.fr/",
      "adresse": null,
      "code_postal": "12690",
      "ville": null,
      "note": 5.0,
      "nb_avis": 8,
      "departement": "12",
      "recherche": "plombier",
      "ville_recherche": "Nemours",
      "departement_recherche": "77"
    },
    {
      "nom": "S.N Casagrande",
      "telephone": "01 60 96 20 05",
      "site_web": null,
      "adresse": null,
      "code_postal": "12690",
      "ville": null,
      "note": 3.7,
      "nb_avis": 24,
      "departement": "12",
      "recherche": "plombier",
      "ville_recherche": "Vaux-le-Pénil",
      "departement_recherche": "77"
    },
    {
      "nom": "Tplc",
      "telephone": "01 60 22 34 43",
      "site_web": "https://www.tplc77.com/",
      "adresse": "4 Rue du Hainault",
      "code_postal": "12690",
      "ville": null,
      "note": 4.7,
      "nb_avis": 34,
      "departement": "12",
      "recherche": "plombier",
      "ville_recherche": "La Ferté-sous-Jouarre",
      "departement_recherche": "77"
    },
    {
      "nom": "DAVOIGNEAU GARNIER",
      "telephone": "01 60 70 50 01",
      "site_web": "http://www.facebook.com/davoigneaugarnier?utm_source=gmb",
      "adresse": null,
      "code_postal": "12690",
      "ville": null,
      "note": 4.3,
      "nb_avis": 41,
      "departement": "12",
      "recherche": "plombier",
      "ville_recherche": "Moret-Loing-et-Orvanne",
      "departement_recherche": "77"
    },
    {
      "nom": "Plomberie de la tour",
      "telephone": "01 64 00 16 11",
      "site_web": null,
      "adresse": "6 Rue Notre Dame",
      "code_postal": "12690",
      "ville": null,
      "note": 4.7,
      "nb_avis": 7,
      "departement": "12",
      "recherche": "plombier",
      "ville_recherche": "Provins",
      "departement_recherche": "77"
    },
    {
      "nom": "Jm L'eau",
      "telephone": "06 08 67 04 62",
      "site_web": null,
      "adresse": null,
      "code_postal": "12690",
      "ville": null,
      "note": 5.0,
      "nb_avis": 4,
      "departement": "12",
      "recherche": "plombier",
      "ville_recherche": "Serris",
      "departement_recherche": "77"
    },
    {
      "nom": "SM Gety",
      "telephone": "01 60 26 59 69",
      "site_web": "https://www.smgety.fr/",
      "adresse": null,
      "code_postal": "12690",
      "ville": null,
      "note": 3.6,
      "nb_avis": 18,
      "departement": "12",
      "recherche": "plombier",
      "ville_recherche": "Claye-Souilly",
      "departement_recherche": "77"
    },
    {
      "nom": "Artisan MORGAN\"O PLOMBERIE CHAUFFAGE",
      "telephone": "07 83 00 71 79",
      "site_web": null,
      "adresse": "36 Rue Gérard de Nerval",
      "code_postal": "12690",
      "ville": null,
      "note": 4.6,
      "nb_avis": 37,
      "departement": "12",
      "recherche": "plombier",
      "ville_recherche": "Dammartin-en-Goële",
      "departement_recherche": "77"
    },
    {
      "nom": "Ets Picard Et Fils",
      "telephone": "01 60 29 40 65",
      "site_web": "https://www.etspicard.fr/agence-lagny-sur-marne/",
      "adresse": "3 Rue D'Orgemont",
      "code_postal": "12690",
      "ville": null,
      "note": 4.8,
      "nb_avis": 133,
      "departement": "12",
      "recherche": "plombier",
      "ville_recherche": "Thorigny-sur-Marne",
      "departement_recherche": "77"
    },
    {
      "nom": "Standing Chauff",
      "telephone": "06 87 81 77 60",
      "site_web": null,
      "adresse": "8 Rue Souveraine",
      "code_postal": "12690",
      "ville": null,
      "note": 5.0,
      "nb_avis": 5,
      "departement": "12",
      "recherche": "plombier",
      "ville_recherche": "Cesson",
      "departement_recherche": "77"
    },
    {
      "nom": "Home-Multitravaux (HM-TRAVAUX)",
      "telephone": "07 89 41 55 28",
      "site_web": "https://www.home-multitravaux.fr/?utm_source=google&utm_medium=wix_google_business_profile&utm_campaign=4309640585444399996",
      "adresse": null,
      "code_postal": "12690",
      "ville": null,
      "note": 5.0,
      "nb_avis": 40,
      "departement": "12",
      "recherche": "plombier",
      "ville_recherche": "Nemours",
      "departement_recherche": "77"
    },
    {
      "nom": "Ets Picard Et Fils",
      "telephone": "01 60 29 40 65",
      "site_web": "https://www.etspicard.fr/agence-melun/",
      "adresse": "6 Rue Saint-Barthélémy",
      "code_postal": "12690",
      "ville": null,
      "note": 4.8,
      "nb_avis": 116,
      "departement": "12",
      "recherche": "plombier",
      "ville_recherche": "Vaux-le-Pénil",
      "departement_recherche": "77"
    },
    {
      "nom": "EAUZONE CHAUFFAGE",
      "telephone": "06 71 20 58 86",
      "site_web": null,
      "adresse": "13 Rue du Lieutenant Angoulvant",
      "code_postal": "12690",
      "ville": null,
      "note": 4.9,
      "nb_avis": 152,
      "departement": "12",
      "recherche": "plombier",
      "ville_recherche": "La Ferté-sous-Jouarre",
      "departement_recherche": "77"
    },
    {
      "nom": "SOHIER TR PLOMBERIE",
      "telephone": "06 98 01 12 27",
      "site_web": null,
      "adresse": null,
      "code_postal": "12690",
      "ville": null,
      "note": 5.0,
      "nb_avis": 8,
      "departement": "12",
      "recherche": "plombier",
      "ville_recherche": "Provins",
      "departement_recherche": "77"
    },
    {
      "nom": "PCC Plomberie Chauffage Couverture",
      "telephone": "01 60 71 67 02",
      "site_web": null,
      "adresse": null,
      "code_postal": "12690",
      "ville": null,
      "note": 4.1,
      "nb_avis": 17,
      "departement": "12",
      "recherche": "plombier",
      "ville_recherche": "Moret-Loing-et-Orvanne",
      "departement_recherche": "77"
    },
    {
      "nom": "GCP Plomberie Chauffage",
      "telephone": "06 43 79 06 01",
      "site_web": null,
      "adresse": null,
      "code_postal": "12690",
      "ville": null,
      "note": 5.0,
      "nb_avis": 40,
      "departement": "12",
      "recherche": "plombier",
      "ville_recherche": "Claye-Souilly",
      "departement_recherche": "77"
    },
    {
      "nom": "AJ Plomberie",
      "telephone": "06 61 68 88 23",
      "site_web": "http://aj-plomberie.com/",
      "adresse": null,
      "code_postal": "69605",
      "ville": null,
      "note": 5.0,
      "nb_avis": 15,
      "departement": "69",
      "recherche": "plombier",
      "ville_recherche": "Dammartin-en-Goële",
      "departement_recherche": "77"
    },
    {
      "nom": "ENTREPRISE COUSIN",
      "telephone": "09 74 56 08 02",
      "site_web": "http://www.entreprisecousin.fr/",
      "adresse": null,
      "code_postal": "12690",
      "ville": null,
      "note": 3.0,
      "nb_avis": 4,
      "departement": "12",
      "recherche": "plombier",
      "ville_recherche": "Nemours",
      "departement_recherche": "77"
    },
    {
      "nom": "MACÉ - FROGÉ",
      "telephone": "02 99 33 78 01",
      "site_web": "https://www.axenergie.eu/agences/108-mace-froge",
      "adresse": "7 Rue des Charmilles",
      "code_postal": "12690",
      "ville": null,
      "note": 4.2,
      "nb_avis": 132,
      "departement": "12",
      "recherche": "plombier",
      "ville_recherche": "Cesson",
      "departement_recherche": "77"
    },
    {
      "nom": "HAIT Plombier Thorigny sur marne - débouchage canalisation - installation chauffe eau",
      "telephone": "01 85 09 56 11",
      "site_web": "https://hait-plombier-thorigny-sur-marne.com/",
      "adresse": "17 Rue Gambetta",
      "code_postal": "12690",
      "ville": null,
      "note": 5.0,
      "nb_avis": 9,
      "departement": "12",
      "recherche": "plombier",
      "ville_recherche": "Thorigny-sur-Marne",
      "departement_recherche": "77"
    },
    {
      "nom": "IDEALE NRJ",
      "telephone": "06 84 82 83 18",
      "site_web": null,
      "adresse": "53 Rue du Pet au Diable",
      "code_postal": "12690",
      "ville": null,
      "note": null,
      "nb_avis": null,
      "departement": "12",
      "recherche": "plombier",
      "ville_recherche": "Vaux-le-Pénil",
      "departement_recherche": "77"
    },
    {
      "nom": "Jma Sav Entretiens Maintenance Assistance",
      "telephone": "01 60 22 23 38",
      "site_web": null,
      "adresse": "30 Rue Michel Fauvet",
      "code_postal": "12690",
      "ville": null,
      "note": 4.7,
      "nb_avis": 12,
      "departement": "12",
      "recherche": "plombier",
      "ville_recherche": "La Ferté-sous-Jouarre",
      "departement_recherche": "77"
    },
    {
      "nom": "Blanc Terence",
      "telephone": "06 41 76 51 63",
      "site_web": "https://www.blancterence-energie.fr/",
      "adresse": "25 Rue de la Houzelle",
      "code_postal": "12690",
      "ville": null,
      "note": 5.0,
      "nb_avis": 20,
      "departement": "12",
      "recherche": "plombier",
      "ville_recherche": "Moret-Loing-et-Orvanne",
      "departement_recherche": "77"
    },
    {
      "nom": "ETS LAGREN",
      "telephone": "06 22 16 92 40",
      "site_web": "https://www.lagren.fr/",
      "adresse": null,
      "code_postal": "12690",
      "ville": null,
      "note": 5.0,
      "nb_avis": 24,
      "departement": "12",
      "recherche": "plombier",
      "ville_recherche": "Claye-Souilly",
      "departement_recherche": "77"
    },
    {
      "nom": "Eco +",
      "telephone": "06 29 17 17 82",
      "site_web": "https://www.ecodegres.fr/",
      "adresse": null,
      "code_postal": "05207",
      "ville": null,
      "note": 5.0,
      "nb_avis": 24,
      "departement": "05",
      "recherche": "plombier",
      "ville_recherche": "Dammartin-en-Goële",
      "departement_recherche": "77"
    },
    {
      "nom": "M.B.S",
      "telephone": "09 70 35 18 48",
      "site_web": "http://mbsfrance.fr/?utm_medium=referral&utm_source=gmb&utm_campaign=lnk-gmb",
      "adresse": "2 Rue de la Coulée Verte",
      "code_postal": "12690",
      "ville": null,
      "note": 4.6,
      "nb_avis": 31,
      "departement": "12",
      "recherche": "plombier",
      "ville_recherche": "Cesson",
      "departement_recherche": "77"
    },
    {
      "nom": "S.Y.G Energy",
      "telephone": "06 21 53 98 13",
      "site_web": null,
      "adresse": null,
      "code_postal": "12690",
      "ville": null,
      "note": 4.8,
      "nb_avis": 115,
      "departement": "12",
      "recherche": "plombier",
      "ville_recherche": "Thorigny-sur-Marne",
      "departement_recherche": "77"
    },
    {
      "nom": "Entreprise Alain Martens",
      "telephone": "01 60 22 40 54",
      "site_web": "http://entreprisealainmartens.site-solocal.com/",
      "adresse": null,
      "code_postal": "12690",
      "ville": null,
      "note": 4.8,
      "nb_avis": 5,
      "departement": "12",
      "recherche": "plombier",
      "ville_recherche": "La Ferté-sous-Jouarre",
      "departement_recherche": "77"
    },
    {
      "nom": "Louis John Plombier Vaux-le-Pénil",
      "telephone": "01 84 16 22 28",
      "site_web": "https://www.pappers.fr/entreprise/louis-john-881077002",
      "adresse": null,
      "code_postal": "12690",
      "ville": null,
      "note": 4.6,
      "nb_avis": 9,
      "departement": "12",
      "recherche": "plombier",
      "ville_recherche": "Vaux-le-Pénil",
      "departement_recherche": "77"
    },
    {
      "nom": "Fecamp Services",
      "telephone": "01 43 41 55 66",
      "site_web": "http://villeparisis.fecamp-services.com/",
      "adresse": null,
      "code_postal": "12690",
      "ville": null,
      "note": 4.8,
      "nb_avis": 78,
      "departement": "12",
      "recherche": "plombier",
      "ville_recherche": "Claye-Souilly",
      "departement_recherche": "77"
    },
    {
      "nom": "OC ENERGIE",
      "telephone": "06 12 94 69 33",
      "site_web": "https://www.facebook.com/share/14sW9hPhVL/",
      "adresse": null,
      "code_postal": "12690",
      "ville": null,
      "note": 5.0,
      "nb_avis": 37,
      "departement": "12",
      "recherche": "plombier",
      "ville_recherche": "Moret-Loing-et-Orvanne",
      "departement_recherche": "77"
    },
    {
      "nom": "Activités Artisanales Briand - ABPF",
      "telephone": "01 60 03 55 58",
      "site_web": "http://www.briand-plombier-chauffage-77.fr/?utm_source=gmb",
      "adresse": null,
      "code_postal": "12690",
      "ville": null,
      "note": 3.6,
      "nb_avis": 42,
      "departement": "12",
      "recherche": "plombier",
      "ville_recherche": "Dammartin-en-Goële",
      "departement_recherche": "77"
    },
    {
      "nom": "Sa Chauffe",
      "telephone": "06 64 34 58 93",
      "site_web": "http://www.sachauffe.fr/?utm_source=gmb",
      "adresse": null,
      "code_postal": "12690",
      "ville": null,
      "note": 5.0,
      "nb_avis": 3,
      "departement": "12",
      "recherche": "plombier",
      "ville_recherche": "Cesson",
      "departement_recherche": "77"
    },
    {
      "nom": "A.B Atelier Brochant",
      "telephone": "01 86 95 42 05",
      "site_web": "http://atelierbrochant.fr/?utm_source=gmb",
      "adresse": null,
      "code_postal": "12690",
      "ville": null,
      "note": 4.9,
      "nb_avis": 96,
      "departement": "12",
      "recherche": "plombier",
      "ville_recherche": "Thorigny-sur-Marne",
      "departement_recherche": "77"
    },
    {
      "nom": "ENERGITHERM",
      "telephone": "01 60 22 00 00",
      "site_web": "https://www.energitherm.fr/",
      "adresse": "72 Rue Pierre Marx",
      "code_postal": "12690",
      "ville": null,
      "note": 4.6,
      "nb_avis": 23,
      "departement": "12",
      "recherche": "plombier",
      "ville_recherche": "La Ferté-sous-Jouarre",
      "departement_recherche": "77"
    },
    {
      "nom": "E.G.P. Ent. Goncalves Plan",
      "telephone": "01 64 10 92 67",
      "site_web": null,
      "adresse": null,
      "code_postal": "12690",
      "ville": null,
      "note": 4.7,
      "nb_avis": 3,
      "departement": "12",
      "recherche": "plombier",
      "ville_recherche": "Vaux-le-Pénil",
      "departement_recherche": "77"
    },
    {
      "nom": "SAS Leroy",
      "telephone": "01 64 30 24 11",
      "site_web": null,
      "adresse": null,
      "code_postal": "12690",
      "ville": null,
      "note": 4.8,
      "nb_avis": 4,
      "departement": "12",
      "recherche": "plombier",
      "ville_recherche": "Claye-Souilly",
      "departement_recherche": "77"
    },
    {
      "nom": "JCDC",
      "telephone": "06 72 77 60 69",
      "site_web": null,
      "adresse": null,
      "code_postal": "12690",
      "ville": null,
      "note": 4.9,
      "nb_avis": 14,
      "departement": "12",
      "recherche": "plombier",
      "ville_recherche": "Dammartin-en-Goële",
      "departement_recherche": "77"
    },
    {
      "nom": "Sas Descantes",
      "telephone": "01 60 70 31 15",
      "site_web": "https://www.descantes.fr/",
      "adresse": null,
      "code_postal": "12690",
      "ville": null,
      "note": 5.0,
      "nb_avis": 6,
      "departement": "12",
      "recherche": "plombier",
      "ville_recherche": "Moret-Loing-et-Orvanne",
      "departement_recherche": "77"
    },
    {
      "nom": "Piednoir Philippe",
      "telephone": "06 78 13 09 52",
      "site_web": "https://www.facebook.com/Piednoir-Philippe-100174154829569",
      "adresse": "1 Rue du Hellier",
      "code_postal": "12690",
      "ville": null,
      "note": 5.0,
      "nb_avis": 9,
      "departement": "12",
      "recherche": "plombier",
      "ville_recherche": "Cesson",
      "departement_recherche": "77"
    },
    {
      "nom": "A.P.C.P.",
      "telephone": "06 59 28 08 31",
      "site_web": "http://www.apcpplomberie.com/?utm_source=gmb",
      "adresse": null,
      "code_postal": "12690",
      "ville": null,
      "note": 4.9,
      "nb_avis": 32,
      "departement": "12",
      "recherche": "plombier",
      "ville_recherche": "Thorigny-sur-Marne",
      "departement_recherche": "77"
    },
    {
      "nom": "IDClim77",
      "telephone": "06 98 78 25 35",
      "site_web": "https://www.idclim77.fr/",
      "adresse": "140 Rue de la Noue",
      "code_postal": "12690",
      "ville": null,
      "note": 5.0,
      "nb_avis": 12,
      "departement": "12",
      "recherche": "plombier",
      "ville_recherche": "Vaux-le-Pénil",
      "departement_recherche": "77"
    },
    {
      "nom": "SM GETY",
      "telephone": "01 60 26 59 69",
      "site_web": "https://www.smgety.fr/",
      "adresse": null,
      "code_postal": "12690",
      "ville": null,
      "note": 3.6,
      "nb_avis": 18,
      "departement": "12",
      "recherche": "plombier",
      "ville_recherche": "Claye-Souilly",
      "departement_recherche": "77"
    },
    {
      "nom": "Briand Père Et Fils ETS",
      "telephone": "01 60 01 37 52",
      "site_web": "http://www.briand-plombier-chauffage-77.fr/?utm_source=gmb",
      "adresse": null,
      "code_postal": "12690",
      "ville": null,
      "note": 4.5,
      "nb_avis": 47,
      "departement": "12",
      "recherche": "plombier",
      "ville_recherche": "Dammartin-en-Goële",
      "departement_recherche": "77"
    },
    {
      "nom": "Les Compagnons Plombiers.com",
      "telephone": "09 72 13 59 70",
      "site_web": "http://www.lescompagnonsplombiers.com/",
      "adresse": null,
      "code_postal": "12690",
      "ville": null,
      "note": 4.6,
      "nb_avis": 82,
      "departement": "12",
      "recherche": "plombier",
      "ville_recherche": "Cesson",
      "departement_recherche": "77"
    },
    {
      "nom": "AJF Plomberie",
      "telephone": "06 10 28 44 32",
      "site_web": "https://www.instagram.com/ajf.plomberie/",
      "adresse": null,
      "code_postal": "12690",
      "ville": null,
      "note": 4.8,
      "nb_avis": 21,
      "departement": "12",
      "recherche": "plombier",
      "ville_recherche": "Moret-Loing-et-Orvanne",
      "departement_recherche": "77"
    },
    {
      "nom": "Gpro",
      "telephone": "06 46 76 23 17",
      "site_web": null,
      "adresse": null,
      "code_postal": "12690",
      "ville": null,
      "note": 5.0,
      "nb_avis": 16,
      "departement": "12",
      "recherche": "plombier",
      "ville_recherche": "Thorigny-sur-Marne",
      "departement_recherche": "77"
    },
    {
      "nom": "P2c Services",
      "telephone": "01 64 39 30 18",
      "site_web": "http://www.p2cservices.fr/",
      "adresse": null,
      "code_postal": "12690",
      "ville": null,
      "note": 5.0,
      "nb_avis": 11,
      "departement": "12",
      "recherche": "plombier",
      "ville_recherche": "Vaux-le-Pénil",
      "departement_recherche": "77"
    },
    {
      "nom": "VL Plomberie Chauffage",
      "telephone": "06 26 79 27 04",
      "site_web": null,
      "adresse": null,
      "code_postal": "12690",
      "ville": null,
      "note": 5.0,
      "nb_avis": 31,
      "departement": "12",
      "recherche": "plombier",
      "ville_recherche": "La Ferté-sous-Jouarre",
      "departement_recherche": "77"
    },
    {
      "nom": "ENTREPRISE FONTAINE ERIC | Plomberie Dépannage Installation",
      "telephone": "06 85 90 44 48",
      "site_web": "https://www.entreprise-fontaine.fr/",
      "adresse": "29 Rue Emile Zola",
      "code_postal": "12690",
      "ville": null,
      "note": 4.8,
      "nb_avis": 76,
      "departement": "12",
      "recherche": "plombier",
      "ville_recherche": "Claye-Souilly",
      "departement_recherche": "77"
    },
    {
      "nom": "Mario Morais",
      "telephone": "01 84 24 14 66",
      "site_web": null,
      "adresse": null,
      "code_postal": "12690",
      "ville": null,
      "note": null,
      "nb_avis": null,
      "departement": "12",
      "recherche": "plombier",
      "ville_recherche": "Dammartin-en-Goële",
      "departement_recherche": "77"
    },
    {
      "nom": "Bcp plomberie",
      "telephone": "07 82 63 56 54",
      "site_web": null,
      "adresse": null,
      "code_postal": "12690",
      "ville": null,
      "note": 4.8,
      "nb_avis": 30,
      "departement": "12",
      "recherche": "plombier",
      "ville_recherche": "Cesson",
      "departement_recherche": "77"
    },
    {
      "nom": "GCES Plombier & Chauffagiste",
      "telephone": "06 36 07 20 60",
      "site_web": "https://gces.framer.website/",
      "adresse": "4 Rue Laennec",
      "code_postal": "12690",
      "ville": null,
      "note": null,
      "nb_avis": null,
      "departement": "12",
      "recherche": "plombier",
      "ville_recherche": "Thorigny-sur-Marne",
      "departement_recherche": "77"
    },
    {
      "nom": "Bannery Grapperon ETS",
      "telephone": "01 64 45 83 50",
      "site_web": "http://www.plombier-electricien-montignysurloing.fr/",
      "adresse": "8 Rue des Corvées",
      "code_postal": "12690",
      "ville": null,
      "note": 3.2,
      "nb_avis": 11,
      "departement": "12",
      "recherche": "plombier",
      "ville_recherche": "Moret-Loing-et-Orvanne",
      "departement_recherche": "77"
    },
    {
      "nom": "A.B.M.",
      "telephone": "01 64 36 27 51",
      "site_web": "https://www.abm77.fr/?utm_medium=referral&utm_source=gmb&utm_campaign=lnk-gmb",
      "adresse": null,
      "code_postal": "12690",
      "ville": null,
      "note": 4.5,
      "nb_avis": 95,
      "departement": "12",
      "recherche": "plombier",
      "ville_recherche": "La Ferté-sous-Jouarre",
      "departement_recherche": "77"
    },
    {
      "nom": "PLOMBERIE / DÉBOUCHAGE / FUITE - La Rochette - (77000)",
      "telephone": "06 69 37 94 04",
      "site_web": "https://plombier-eco-express.fr/",
      "adresse": "11 Rue Benjamin Franklin",
      "code_postal": "77000",
      "ville": null,
      "note": 5.0,
      "nb_avis": 57,
      "departement": "77",
      "recherche": "plombier",
      "ville_recherche": "Vaux-le-Pénil",
      "departement_recherche": "77"
    },
    {
      "nom": "SAS RSPB",
      "telephone": "07 88 00 39 66",
      "site_web": null,
      "adresse": null,
      "code_postal": "12690",
      "ville": null,
      "note": 5.0,
      "nb_avis": 1,
      "departement": "12",
      "recherche": "plombier",
      "ville_recherche": "Dammartin-en-Goële",
      "departement_recherche": "77"
    },
    {
      "nom": "PTF Plombier débouchage canalisation CLAYE SOULLY - recherche de fuite d'eau",
      "telephone": null,
      "site_web": "https://ptf-plombier-claye-soully.com/",
      "adresse": "5 Rue de Voisins",
      "code_postal": "12690",
      "ville": null,
      "note": null,
      "nb_avis": null,
      "departement": "12",
      "recherche": "plombier",
      "ville_recherche": "Claye-Souilly",
      "departement_recherche": "77"
    },
    {
      "nom": "R-ELBAT",
      "telephone": "01 64 37 77 61",
      "site_web": "https://relbat.fr/",
      "adresse": null,
      "code_postal": "12690",
      "ville": null,
      "note": 5.0,
      "nb_avis": 27,
      "departement": "12",
      "recherche": "plombier",
      "ville_recherche": "Cesson",
      "departement_recherche": "77"
    },
    {
      "nom": "WARM-TH",
      "telephone": "06 72 62 74 22",
      "site_web": "https://warm-th.com/",
      "adresse": "16 Rue Gambetta",
      "code_postal": "12690",
      "ville": null,
      "note": 5.0,
      "nb_avis": 17,
      "departement": "12",
      "recherche": "plombier",
      "ville_recherche": "Thorigny-sur-Marne",
      "departement_recherche": "77"
    },
    {
      "nom": "Eurl LJPC",
      "telephone": "06 81 51 48 10",
      "site_web": "https://eurl-ljpc.com/",
      "adresse": null,
      "code_postal": "12690",
      "ville": null,
      "note": null,
      "nb_avis": null,
      "departement": "12",
      "recherche": "plombier",
      "ville_recherche": "Moret-Loing-et-Orvanne",
      "departement_recherche": "77"
    },
    {
      "nom": "Plomb Art and Co",
      "telephone": "01 49 82 67 19",
      "site_web": null,
      "adresse": null,
      "code_postal": "12690",
      "ville": null,
      "note": 3.7,
      "nb_avis": 6,
      "departement": "12",
      "recherche": "plombier",
      "ville_recherche": "La Ferté-sous-Jouarre",
      "departement_recherche": "77"
    },
    {
      "nom": "FGCP",
      "telephone": "06 72 27 64 74",
      "site_web": "http://www.fgcp77.fr/",
      "adresse": null,
      "code_postal": "12690",
      "ville": null,
      "note": 5.0,
      "nb_avis": 14,
      "departement": "12",
      "recherche": "plombier",
      "ville_recherche": "Vaux-le-Pénil",
      "departement_recherche": "77"
    },
    {
      "nom": "SCT Novali",
      "telephone": "06 58 65 72 75",
      "site_web": null,
      "adresse": null,
      "code_postal": "12690",
      "ville": null,
      "note": null,
      "nb_avis": null,
      "departement": "12",
      "recherche": "plombier",
      "ville_recherche": "Dammartin-en-Goële",
      "departement_recherche": "77"
    },
    {
      "nom": "France Plomberie F.P",
      "telephone": "01 64 72 13 44",
      "site_web": "https://www.leaderdepannage.com/",
      "adresse": null,
      "code_postal": "12690",
      "ville": null,
      "note": 4.7,
      "nb_avis": 15,
      "departement": "12",
      "recherche": "plombier",
      "ville_recherche": "Claye-Souilly",
      "departement_recherche": "77"
    },
    {
      "nom": "KM Plomberie",
      "telephone": "06 16 93 84 89",
      "site_web": "https://www.km-plomberie.fr/",
      "adresse": "7 Rue Jean-Pierre Timbaud",
      "code_postal": "12690",
      "ville": null,
      "note": null,
      "nb_avis": null,
      "departement": "12",
      "recherche": "plombier",
      "ville_recherche": "Cesson",
      "departement_recherche": "77"
    },
    {
      "nom": "Art Chauffage",
      "telephone": "01 60 07 93 52",
      "site_web": "http://artchauffage.fr/",
      "adresse": "37 Rue Saint-Laurent",
      "code_postal": "12690",
      "ville": null,
      "note": 5.0,
      "nb_avis": 1,
      "departement": "12",
      "recherche": "plombier",
      "ville_recherche": "Thorigny-sur-Marne",
      "departement_recherche": "77"
    },
    {
      "nom": "Bati Lenny",
      "telephone": "06 99 39 73 89",
      "site_web": null,
      "adresse": null,
      "code_postal": "12690",
      "ville": null,
      "note": 5.0,
      "nb_avis": 7,
      "departement": "12",
      "recherche": "plombier",
      "ville_recherche": "Moret-Loing-et-Orvanne",
      "departement_recherche": "77"
    },
    {
      "nom": "Monsieur Plombier",
      "telephone": "07 64 89 84 83",
      "site_web": "https://www.monsieurplombier.net/",
      "adresse": null,
      "code_postal": "12690",
      "ville": null,
      "note": 4.9,
      "nb_avis": 61,
      "departement": "12",
      "recherche": "plombier",
      "ville_recherche": "La Ferté-sous-Jouarre",
      "departement_recherche": "77"
    },
    {
      "nom": "Am plomberie",
      "telephone": "07 81 38 22 58",
      "site_web": "https://www.amplomberie78.fr/",
      "adresse": "57 Rue de Pontoise",
      "code_postal": "12690",
      "ville": null,
      "note": 5.0,
      "nb_avis": 4,
      "departement": "12",
      "recherche": "plombier",
      "ville_recherche": "Vaux-le-Pénil",
      "departement_recherche": "77"
    },
    {
      "nom": "LB Artisan 77",
      "telephone": "09 72 58 58 51",
      "site_web": null,
      "adresse": "2 Rue de Messy",
      "code_postal": "12690",
      "ville": null,
      "note": null,
      "nb_avis": null,
      "departement": "12",
      "recherche": "plombier",
      "ville_recherche": "Claye-Souilly",
      "departement_recherche": "77"
    },
    {
      "nom": "LB Artisan 77",
      "telephone": "09 72 17 79 26",
      "site_web": null,
      "adresse": null,
      "code_postal": "12690",
      "ville": null,
      "note": null,
      "nb_avis": null,
      "departement": "12",
      "recherche": "plombier",
      "ville_recherche": "Cesson",
      "departement_recherche": "77"
    },
    {
      "nom": "LD EAUX",
      "telephone": "07 53 69 15 40",
      "site_web": "https://www.ldeaux.fr/",
      "adresse": null,
      "code_postal": "12690",
      "ville": null,
      "note": 4.8,
      "nb_avis": 88,
      "departement": "12",
      "recherche": "plombier",
      "ville_recherche": "Thorigny-sur-Marne",
      "departement_recherche": "77"
    },
    {
      "nom": "Sarl Lbl Plomberie Chauffage Climatisation",
      "telephone": "06 17 73 82 96",
      "site_web": null,
      "adresse": "8 Rue de la Guette",
      "code_postal": "12690",
      "ville": null,
      "note": 4.8,
      "nb_avis": 129,
      "departement": "12",
      "recherche": "plombier",
      "ville_recherche": "Moret-Loing-et-Orvanne",
      "departement_recherche": "77"
    },
    {
      "nom": "Ck Plomberie",
      "telephone": "06 37 32 57 75",
      "site_web": "https://www.facebook.com/profile.php?id=100077769266119",
      "adresse": null,
      "code_postal": "12690",
      "ville": null,
      "note": 5.0,
      "nb_avis": 33,
      "departement": "12",
      "recherche": "plombier",
      "ville_recherche": "La Ferté-sous-Jouarre",
      "departement_recherche": "77"
    },
    {
      "nom": "Thermalec",
      "telephone": "06 51 98 14 05",
      "site_web": null,
      "adresse": "1 Rue Giacomo Puccini",
      "code_postal": "12690",
      "ville": null,
      "note": 5.0,
      "nb_avis": 12,
      "departement": "12",
      "recherche": "plombier",
      "ville_recherche": "Vaux-le-Pénil",
      "departement_recherche": "77"
    },
    {
      "nom": "LB Artisan 77",
      "telephone": "09 72 17 80 25",
      "site_web": null,
      "adresse": "53 Rue Pasteur",
      "code_postal": "12690",
      "ville": null,
      "note": 1.0,
      "nb_avis": 1,
      "departement": "12",
      "recherche": "plombier",
      "ville_recherche": "Thorigny-sur-Marne",
      "departement_recherche": "77"
    },
    {
      "nom": "Chadapaux La Ferté-sous-Jouarre",
      "telephone": "01 60 32 94 80",
      "site_web": "https://chadapaux.fr/agence/",
      "adresse": "3 Rue de Reuil",
      "code_postal": "12690",
      "ville": null,
      "note": 4.4,
      "nb_avis": 21,
      "departement": "12",
      "recherche": "plombier",
      "ville_recherche": "La Ferté-sous-Jouarre",
      "departement_recherche": "77"
    },
    {
      "nom": "Karu Plomberie Chauffage",
      "telephone": "07 81 94 65 55",
      "site_web": null,
      "adresse": null,
      "code_postal": "92634",
      "ville": null,
      "note": 4.9,
      "nb_avis": 17,
      "departement": "92",
      "recherche": "plombier",
      "ville_recherche": "Moret-Loing-et-Orvanne",
      "departement_recherche": "77"
    },
    {
      "nom": "Pls debouchage canalisation Vaulx vidange fosse septique",
      "telephone": "01 85 09 88 50",
      "site_web": "https://pls-debouchage-canalisation-vaulx-vidange-fosse-septique.com/",
      "adresse": "3 Rue du Ru des Vaux",
      "code_postal": "12690",
      "ville": null,
      "note": 4.9,
      "nb_avis": 29,
      "departement": "12",
      "recherche": "plombier",
      "ville_recherche": "Vaux-le-Pénil",
      "departement_recherche": "77"
    },
    {
      "nom": "Hugel",
      "telephone": "01 60 35 01 20",
      "site_web": "http://hugelsarl.fr/",
      "adresse": "38 Rue Saint-Sauveur",
      "code_postal": "12690",
      "ville": null,
      "note": 4.6,
      "nb_avis": 27,
      "departement": "12",
      "recherche": "plombier",
      "ville_recherche": "Thorigny-sur-Marne",
      "departement_recherche": "77"
    },
    {
      "nom": "GTI PRO",
      "telephone": "07 58 66 77 69",
      "site_web": "https://www.gtipro.fr/",
      "adresse": "9 Rue des Vannes",
      "code_postal": "12690",
      "ville": null,
      "note": 5.0,
      "nb_avis": 26,
      "departement": "12",
      "recherche": "plombier",
      "ville_recherche": "La Ferté-sous-Jouarre",
      "departement_recherche": "77"
    },
    {
      "nom": "Secours Plomberie",
      "telephone": "06 83 68 09 94",
      "site_web": "https://secours-plomberie.fr/",
      "adresse": null,
      "code_postal": "12690",
      "ville": null,
      "note": 5.0,
      "nb_avis": 8,
      "departement": "12",
      "recherche": "plombier",
      "ville_recherche": "Vaux-le-Pénil",
      "departement_recherche": "77"
    },
    {
      "nom": "Entreprise GOLLETTO - Ramonage bois, entretien/ dépannage de poêles et inserts à granulés, travaux de plomberie",
      "telephone": "06 27 88 13 48",
      "site_web": null,
      "adresse": null,
      "code_postal": "12690",
      "ville": null,
      "note": 5.0,
      "nb_avis": 61,
      "departement": "12",
      "recherche": "plombier",
      "ville_recherche": "Moret-Loing-et-Orvanne",
      "departement_recherche": "77"
    },
    {
      "nom": "IBE GROUP",
      "telephone": "06 14 66 13 26",
      "site_web": "https://www.ibegroup.fr/",
      "adresse": null,
      "code_postal": "12690",
      "ville": null,
      "note": 5.0,
      "nb_avis": 6,
      "departement": "12",
      "recherche": "plombier",
      "ville_recherche": "Thorigny-sur-Marne",
      "departement_recherche": "77"
    },
    {
      "nom": "Dorante plomberie",
      "telephone": "06 63 29 42 85",
      "site_web": null,
      "adresse": null,
      "code_postal": "12690",
      "ville": null,
      "note": null,
      "nb_avis": null,
      "departement": "12",
      "recherche": "plombier",
      "ville_recherche": "La Ferté-sous-Jouarre",
      "departement_recherche": "77"
    },
    {
      "nom": "L.B.S.A PLOMBERIE SARL",
      "telephone": "06 51 33 05 98",
      "site_web": "http://www.lbsa-plomberie.blogspot.com/",
      "adresse": "4 Rue du",
      "code_postal": "12690",
      "ville": null,
      "note": 4.8,
      "nb_avis": 66,
      "departement": "12",
      "recherche": "plombier",
      "ville_recherche": "Vaux-le-Pénil",
      "departement_recherche": "77"
    },
    {
      "nom": "Entreprise Chagot",
      "telephone": "01 60 72 17 87",
      "site_web": "https://www.ent-chagot.fr/?utm_source=gmb",
      "adresse": "56 Rue du Viaduc",
      "code_postal": "12690",
      "ville": null,
      "note": 4.2,
      "nb_avis": 52,
      "departement": "12",
      "recherche": "plombier",
      "ville_recherche": "Moret-Loing-et-Orvanne",
      "departement_recherche": "77"
    },
    {
      "nom": "Attelann",
      "telephone": "01 71 58 87 06",
      "site_web": "http://www.facebook.com/attelann.fr?utm_source=gmb",
      "adresse": "69 Rue de Paris",
      "code_postal": "12690",
      "ville": null,
      "note": 4.9,
      "nb_avis": 332,
      "departement": "12",
      "recherche": "plombier",
      "ville_recherche": "Thorigny-sur-Marne",
      "departement_recherche": "77"
    },
    {
      "nom": "CUCURUZEAC",
      "telephone": "06 30 83 25 36",
      "site_web": "http://cucuruzeac.fr/",
      "adresse": null,
      "code_postal": "12690",
      "ville": null,
      "note": null,
      "nb_avis": null,
      "departement": "12",
      "recherche": "plombier",
      "ville_recherche": "La Ferté-sous-Jouarre",
      "departement_recherche": "77"
    },
    {
      "nom": "Téréva Melun",
      "telephone": "01 64 79 70 70",
      "site_web": "https://www.tereva.fr/document/A-394571--agence-tereva-melun",
      "adresse": "90 Rue du Général Delestraint",
      "code_postal": "12690",
      "ville": null,
      "note": 4.4,
      "nb_avis": 18,
      "departement": "12",
      "recherche": "plombier",
      "ville_recherche": "Vaux-le-Pénil",
      "departement_recherche": "77"
    },
    {
      "nom": "SMD Plombier",
      "telephone": "06 21 53 22 74",
      "site_web": "https://smd-plombier.fr/",
      "adresse": "36 Rue de Fay",
      "code_postal": "12690",
      "ville": null,
      "note": 5.0,
      "nb_avis": 13,
      "departement": "12",
      "recherche": "plombier",
      "ville_recherche": "Moret-Loing-et-Orvanne",
      "departement_recherche": "77"
    },
    {
      "nom": "France Dégorgement - 77 Seine-et-Marne : Débouchage et inspection Canalisation",
      "telephone": "07 67 39 94 84",
      "site_web": "https://france-degorgement-idf.fr/",
      "adresse": null,
      "code_postal": "12690",
      "ville": null,
      "note": 4.8,
      "nb_avis": 22,
      "departement": "12",
      "recherche": "plombier",
      "ville_recherche": "Thorigny-sur-Marne",
      "departement_recherche": "77"
    },
    {
      "nom": "KV Plomberie Chauffage",
      "telephone": "06 66 34 76 71",
      "site_web": "https://entreprisekv.fr/",
      "adresse": null,
      "code_postal": "12690",
      "ville": null,
      "note": 5.0,
      "nb_avis": 28,
      "departement": "12",
      "recherche": "plombier",
      "ville_recherche": "Vaux-le-Pénil",
      "departement_recherche": "77"
    },
    {
      "nom": "BFC SERVICES",
      "telephone": "06 47 67 23 61",
      "site_web": null,
      "adresse": null,
      "code_postal": "12690",
      "ville": null,
      "note": 5.0,
      "nb_avis": 13,
      "departement": "12",
      "recherche": "plombier",
      "ville_recherche": "Moret-Loing-et-Orvanne",
      "departement_recherche": "77"
    },
    {
      "nom": "Jose Montero",
      "telephone": "01 89 16 08 19",
      "site_web": null,
      "adresse": null,
      "code_postal": "12690",
      "ville": null,
      "note": null,
      "nb_avis": null,
      "departement": "12",
      "recherche": "plombier",
      "ville_recherche": "Thorigny-sur-Marne",
      "departement_recherche": "77"
    },
    {
      "nom": "Entreprise Chagot",
      "telephone": "01 60 72 17 87",
      "site_web": "https://www.ent-chagot.fr/?utm_source=gmb",
      "adresse": "56 Rue du Viaduc",
      "code_postal": "12690",
      "ville": null,
      "note": 4.2,
      "nb_avis": 52,
      "departement": "12",
      "recherche": "plombier",
      "ville_recherche": "Avon",
      "departement_recherche": "77"
    },
    {
      "nom": "Utb",
      "telephone": null,
      "site_web": "https://www.utb.fr/",
      "adresse": "152 Rue Pasteur",
      "code_postal": "12690",
      "ville": null,
      "note": null,
      "nb_avis": null,
      "departement": "12",
      "recherche": "plombier",
      "ville_recherche": "Vaux-le-Pénil",
      "departement_recherche": "77"
    },
    {
      "nom": "Home-Multitravaux (HM-TRAVAUX)",
      "telephone": "07 89 41 55 28",
      "site_web": "https://www.home-multitravaux.fr/?utm_source=google&utm_medium=wix_google_business_profile&utm_campaign=4309640585444399996",
      "adresse": null,
      "code_postal": "12690",
      "ville": null,
      "note": 5.0,
      "nb_avis": 40,
      "departement": "12",
      "recherche": "plombier",
      "ville_recherche": "Moret-Loing-et-Orvanne",
      "departement_recherche": "77"
    },
    {
      "nom": "Plombier David Gomes",
      "telephone": "07 89 75 00 62",
      "site_web": null,
      "adresse": "25 Rue Gambetta",
      "code_postal": "12690",
      "ville": null,
      "note": 5.0,
      "nb_avis": 40,
      "departement": "12",
      "recherche": "plombier",
      "ville_recherche": "Avon",
      "departement_recherche": "77"
    },
    {
      "nom": "NM Plomberie / Chauffage / Climatisation",
      "telephone": "06 83 38 96 20",
      "site_web": null,
      "adresse": "37 Rue des Vauroux",
      "code_postal": "89688",
      "ville": null,
      "note": 4.8,
      "nb_avis": 18,
      "departement": "89",
      "recherche": "plombier",
      "ville_recherche": "Moret-Loing-et-Orvanne",
      "departement_recherche": "77"
    },
    {
      "nom": "Hk vpc",
      "telephone": "06 73 91 13 39",
      "site_web": "https://hk-ventilation-plomberie-chauffage.fr/",
      "adresse": null,
      "code_postal": "12690",
      "ville": null,
      "note": 5.0,
      "nb_avis": 19,
      "departement": "12",
      "recherche": "plombier",
      "ville_recherche": "Moret-Loing-et-Orvanne",
      "departement_recherche": "77"
    },
    {
      "nom": "PCDS",
      "telephone": "06 70 35 71 72",
      "site_web": null,
      "adresse": null,
      "code_postal": "12690",
      "ville": null,
      "note": 5.0,
      "nb_avis": 6,
      "departement": "12",
      "recherche": "plombier",
      "ville_recherche": "Moret-Loing-et-Orvanne",
      "departement_recherche": "77"
    },
    {
      "nom": "L.B.S.A PLOMBERIE SARL",
      "telephone": "06 51 33 05 98",
      "site_web": "http://www.lbsa-plomberie.blogspot.com/",
      "adresse": "4 Rue du",
      "code_postal": "12690",
      "ville": null,
      "note": 4.8,
      "nb_avis": 66,
      "departement": "12",
      "recherche": "plombier",
      "ville_recherche": "Moret-Loing-et-Orvanne",
      "departement_recherche": "77"
    },
    {
      "nom": "Bechet EURL - Plomberie & Chauffage 77",
      "telephone": "01 64 32 70 61",
      "site_web": null,
      "adresse": "10 Rue du Fort Vendrest",
      "code_postal": "12690",
      "ville": null,
      "note": 4.8,
      "nb_avis": 21,
      "departement": "12",
      "recherche": "plombier",
      "ville_recherche": "Moret-Loing-et-Orvanne",
      "departement_recherche": "77"
    },
    {
      "nom": "Druelle Plomberie",
      "telephone": "07 78 25 07 81",
      "site_web": "https://www.druelle-plomberie.fr/",
      "adresse": "69 Rue de Paris",
      "code_postal": "25180",
      "ville": null,
      "note": 4.8,
      "nb_avis": 23,
      "departement": "25",
      "recherche": "plombier",
      "ville_recherche": "Lognes",
      "departement_recherche": "77"
    },
    {
      "nom": "Pouplier Alain",
      "telephone": "06 64 57 22 80",
      "site_web": null,
      "adresse": "22 Rue dess",
      "code_postal": "12690",
      "ville": null,
      "note": 4.9,
      "nb_avis": 84,
      "departement": "12",
      "recherche": "plombier",
      "ville_recherche": "Moret-Loing-et-Orvanne",
      "departement_recherche": "77"
    },
    {
      "nom": "Dufeu Plomberie Chauffage Sanitaire",
      "telephone": "01 60 74 01 91",
      "site_web": "https://www.dufeu-plomberie-chauffage.fr/",
      "adresse": "205 Rue Grande",
      "code_postal": "12690",
      "ville": null,
      "note": 4.3,
      "nb_avis": 51,
      "departement": "12",
      "recherche": "plombier",
      "ville_recherche": "Fontainebleau",
      "departement_recherche": "77"
    },
    {
      "nom": "Attelann",
      "telephone": "01 71 58 87 06",
      "site_web": "http://www.facebook.com/attelann.fr?utm_source=gmb",
      "adresse": "69 Rue de Paris",
      "code_postal": "12690",
      "ville": null,
      "note": 4.9,
      "nb_avis": 332,
      "departement": "12",
      "recherche": "plombier",
      "ville_recherche": "Lognes",
      "departement_recherche": "77"
    },
    {
      "nom": "Sempéré Claude",
      "telephone": "01 64 30 36 23",
      "site_web": "http://sempere-77.fr/",
      "adresse": null,
      "code_postal": "12690",
      "ville": null,
      "note": 5.0,
      "nb_avis": 83,
      "departement": "12",
      "recherche": "plombier",
      "ville_recherche": "Montévrain",
      "departement_recherche": "77"
    },
    {
      "nom": "Alain Formanek",
      "telephone": "01 85 39 03 25",
      "site_web": "https://www.entreprisecousin.fr/",
      "adresse": null,
      "code_postal": "12690",
      "ville": null,
      "note": 3.0,
      "nb_avis": 4,
      "departement": "12",
      "recherche": "plombier",
      "ville_recherche": "Moret-Loing-et-Orvanne",
      "departement_recherche": "77"
    },
    {
      "nom": "LD EAUX",
      "telephone": "07 53 69 15 40",
      "site_web": "https://www.ldeaux.fr/",
      "adresse": null,
      "code_postal": "12690",
      "ville": null,
      "note": 4.8,
      "nb_avis": 88,
      "departement": "12",
      "recherche": "plombier",
      "ville_recherche": "Lognes",
      "departement_recherche": "77"
    },
    {
      "nom": "Plombier 77",
      "telephone": "01 60 71 86 94",
      "site_web": "https://plombier77.fr/?utm_source=gmb",
      "adresse": "155 Rue Grande",
      "code_postal": "12690",
      "ville": null,
      "note": 4.4,
      "nb_avis": 17,
      "departement": "12",
      "recherche": "plombier",
      "ville_recherche": "Fontainebleau",
      "departement_recherche": "77"
    },
    {
      "nom": "Eau plombier montévrain - débouchage canalisation urgence - remplacement ballon d'eau chaude",
      "telephone": "01 85 42 41 72",
      "site_web": "https://b-eau-plombier-montevrain.com/",
      "adresse": null,
      "code_postal": "12690",
      "ville": null,
      "note": 5.0,
      "nb_avis": 8,
      "departement": "12",
      "recherche": "plombier",
      "ville_recherche": "Montévrain",
      "departement_recherche": "77"
    },
    {
      "nom": "PLOMBERIE / DÉBOUCHAGE / FUITE - La Rochette - (77000)",
      "telephone": "06 69 37 94 04",
      "site_web": "https://plombier-eco-express.fr/",
      "adresse": "11 Rue Benjamin Franklin",
      "code_postal": "77000",
      "ville": null,
      "note": 5.0,
      "nb_avis": 57,
      "departement": "77",
      "recherche": "plombier",
      "ville_recherche": "Moret-Loing-et-Orvanne",
      "departement_recherche": "77"
    },
    {
      "nom": "France detection",
      "telephone": "01 87 66 10 50",
      "site_web": "https://france-detection.fr/",
      "adresse": null,
      "code_postal": "12690",
      "ville": null,
      "note": 5.0,
      "nb_avis": 74,
      "departement": "12",
      "recherche": "plombier",
      "ville_recherche": "Lognes",
      "departement_recherche": "77"
    },
    {
      "nom": "J.J. Fossard",
      "telephone": "01 64 22 22 68",
      "site_web": null,
      "adresse": "20 Rue Guérin",
      "code_postal": "12690",
      "ville": null,
      "note": 3.8,
      "nb_avis": 21,
      "departement": "12",
      "recherche": "plombier",
      "ville_recherche": "Fontainebleau",
      "departement_recherche": "77"
    },
    {
      "nom": "DX RENOVATIONS",
      "telephone": "06 30 29 77 18",
      "site_web": null,
      "adresse": null,
      "code_postal": "12690",
      "ville": null,
      "note": 4.8,
      "nb_avis": 13,
      "departement": "12",
      "recherche": "plombier",
      "ville_recherche": "Montévrain",
      "departement_recherche": "77"
    },
    {
      "nom": "AB Plomberie",
      "telephone": "06 87 40 18 02",
      "site_web": null,
      "adresse": null,
      "code_postal": "12690",
      "ville": null,
      "note": 5.0,
      "nb_avis": 24,
      "departement": "12",
      "recherche": "plombier",
      "ville_recherche": "Lognes",
      "departement_recherche": "77"
    },
    {
      "nom": "MAS.L",
      "telephone": "01 64 29 54 84",
      "site_web": null,
      "adresse": null,
      "code_postal": "12690",
      "ville": null,
      "note": 4.6,
      "nb_avis": 29,
      "departement": "12",
      "recherche": "plombier",
      "ville_recherche": "Moret-Loing-et-Orvanne",
      "departement_recherche": "77"
    },
    {
      "nom": "Secours Plomberie",
      "telephone": "06 83 68 09 94",
      "site_web": "https://secours-plomberie.fr/",
      "adresse": null,
      "code_postal": "12690",
      "ville": null,
      "note": 5.0,
      "nb_avis": 8,
      "departement": "12",
      "recherche": "plombier",
      "ville_recherche": "Fontainebleau",
      "departement_recherche": "77"
    },
    {
      "nom": "TNP plombier montévrain - débouchage canalisation - détection fuite d'eau",
      "telephone": "01 85 42 41 72",
      "site_web": "https://tnp-plombier-montevrain.com/",
      "adresse": null,
      "code_postal": "12690",
      "ville": null,
      "note": 5.0,
      "nb_avis": 4,
      "departement": "12",
      "recherche": "plombier",
      "ville_recherche": "Montévrain",
      "departement_recherche": "77"
    },
    {
      "nom": "La Compagnie Des Déboucheurs",
      "telephone": "01 64 72 21 57",
      "site_web": "https://www.compagnie-deboucheurs.com/seine-et-marne/",
      "adresse": "22 Rue Pierre Mendès France",
      "code_postal": "12690",
      "ville": null,
      "note": 5.0,
      "nb_avis": 561,
      "departement": "12",
      "recherche": "plombier",
      "ville_recherche": "Lognes",
      "departement_recherche": "77"
    },
    {
      "nom": "FONTENY THIBAULT PLOMBERIE CHAUFFAGE",
      "telephone": "06 75 87 51 91",
      "site_web": "https://www.fonteny-thibault.fr/",
      "adresse": null,
      "code_postal": "12690",
      "ville": null,
      "note": 5.0,
      "nb_avis": 19,
      "departement": "12",
      "recherche": "plombier",
      "ville_recherche": "Moret-Loing-et-Orvanne",
      "departement_recherche": "77"
    },
    {
      "nom": "Plombier David Gomes",
      "telephone": "07 89 75 00 62",
      "site_web": null,
      "adresse": "25 Rue Gambetta",
      "code_postal": "12690",
      "ville": null,
      "note": 5.0,
      "nb_avis": 40,
      "departement": "12",
      "recherche": "plombier",
      "ville_recherche": "Fontainebleau",
      "departement_recherche": "77"
    },
    {
      "nom": "GTE-BATIMENT",
      "telephone": "06 58 90 00 22",
      "site_web": "https://www.gte-batiment.fr/",
      "adresse": null,
      "code_postal": "12690",
      "ville": null,
      "note": 5.0,
      "nb_avis": 14,
      "departement": "12",
      "recherche": "plombier",
      "ville_recherche": "Montévrain",
      "departement_recherche": "77"
    },
    {
      "nom": "2 PCJ",
      "telephone": "01 60 65 67 68",
      "site_web": "http://2pcj.fr/",
      "adresse": null,
      "code_postal": "12690",
      "ville": null,
      "note": 4.6,
      "nb_avis": 35,
      "departement": "12",
      "recherche": "plombier",
      "ville_recherche": "Saint-Fargeau-Ponthierry",
      "departement_recherche": "77"
    },
    {
      "nom": "Olivier Landes, A.C.E.S (Artisan Chauffage & Sanitaire)",
      "telephone": "01 64 73 15 90",
      "site_web": "http://www.aces77.com/",
      "adresse": null,
      "code_postal": "12690",
      "ville": null,
      "note": 5.0,
      "nb_avis": 39,
      "departement": "12",
      "recherche": "plombier",
      "ville_recherche": "Lognes",
      "departement_recherche": "77"
    },
    {
      "nom": "C.N.E",
      "telephone": "01 64 31 55 01",
      "site_web": "https://www.chauffage-plomberie-cne-nemours.fr/",
      "adresse": null,
      "code_postal": "12690",
      "ville": null,
      "note": 4.4,
      "nb_avis": 39,
      "departement": "12",
      "recherche": "plombier",
      "ville_recherche": "Moret-Loing-et-Orvanne",
      "departement_recherche": "77"
    },
    {
      "nom": "L.B.S.A PLOMBERIE SARL",
      "telephone": "06 51 33 05 98",
      "site_web": "http://www.lbsa-plomberie.blogspot.com/",
      "adresse": "4 Rue du",
      "code_postal": "12690",
      "ville": null,
      "note": 4.8,
      "nb_avis": 66,
      "departement": "12",
      "recherche": "plombier",
      "ville_recherche": "Fontainebleau",
      "departement_recherche": "77"
    },
    {
      "nom": "Delgado Francisco - Plombier 77310 Saint-Fargeau-Ponthierry",
      "telephone": "01 84 20 59 99",
      "site_web": "https://www.pappers.fr/entreprise/delgado-francisco-903872125",
      "adresse": "77310 Saint-Fargeau-Ponthierry",
      "code_postal": "77310",
      "ville": "Saint-Fargeau-Ponthierry",
      "note": 5.0,
      "nb_avis": 13,
      "departement": "77",
      "recherche": "plombier",
      "ville_recherche": "Saint-Fargeau-Ponthierry",
      "departement_recherche": "77"
    },
    {
      "nom": "PLOMBIER de proximité plomberie - chauffage installation & dépannage TOPLOMBIER",
      "telephone": "06 13 80 57 21",
      "site_web": null,
      "adresse": null,
      "code_postal": "12690",
      "ville": null,
      "note": 5.0,
      "nb_avis": 52,
      "departement": "12",
      "recherche": "plombier",
      "ville_recherche": "Montévrain",
      "departement_recherche": "77"
    },
    {
      "nom": "Abita",
      "telephone": "01 60 06 39 84",
      "site_web": "http://www.abita77185.fr/",
      "adresse": null,
      "code_postal": "12690",
      "ville": null,
      "note": 5.0,
      "nb_avis": 33,
      "departement": "12",
      "recherche": "plombier",
      "ville_recherche": "Lognes",
      "departement_recherche": "77"
    },
    {
      "nom": "CEDEO Fontainebleau : Sanitaire - Chauffage - Plomberie",
      "telephone": "01 64 22 40 57",
      "site_web": "https://www.cedeo.fr/infos-agence/fontainebleau-cedeo-1010",
      "adresse": "20 Rue Paul Séramy",
      "code_postal": "12690",
      "ville": null,
      "note": 4.1,
      "nb_avis": 14,
      "departement": "12",
      "recherche": "plombier",
      "ville_recherche": "Fontainebleau",
      "departement_recherche": "77"
    },
    {
      "nom": "Maticlim",
      "telephone": "06 52 40 17 70",
      "site_web": "http://www.maticlim.fr/",
      "adresse": null,
      "code_postal": "12690",
      "ville": null,
      "note": 4.8,
      "nb_avis": 61,
      "departement": "12",
      "recherche": "plombier",
      "ville_recherche": "Moret-Loing-et-Orvanne",
      "departement_recherche": "77"
    },
    {
      "nom": "E.D.C.P Plomberie , Sanitaire, Chauffage, Pompe à Chaleur, Climatisation",
      "telephone": "06 27 16 84 82",
      "site_web": null,
      "adresse": "35 Rue de Beaune",
      "code_postal": "12690",
      "ville": null,
      "note": 5.0,
      "nb_avis": 177,
      "departement": "12",
      "recherche": "plombier",
      "ville_recherche": "Saint-Fargeau-Ponthierry",
      "departement_recherche": "77"
    },
    {
      "nom": "LD EAUX",
      "telephone": "07 53 69 15 40",
      "site_web": "https://www.ldeaux.fr/",
      "adresse": null,
      "code_postal": "12690",
      "ville": null,
      "note": 4.8,
      "nb_avis": 88,
      "departement": "12",
      "recherche": "plombier",
      "ville_recherche": "Noisiel",
      "departement_recherche": "77"
    },
    {
      "nom": "Atelier Carpentier",
      "telephone": "01 60 06 19 98",
      "site_web": "http://atelier-carpentier.com/",
      "adresse": null,
      "code_postal": "12690",
      "ville": null,
      "note": 4.5,
      "nb_avis": 79,
      "departement": "12",
      "recherche": "plombier",
      "ville_recherche": "Lognes",
      "departement_recherche": "77"
    },
    {
      "nom": "Canalis’eau",
      "telephone": "06 72 04 53 46",
      "site_web": null,
      "adresse": null,
      "code_postal": "12690",
      "ville": null,
      "note": 5.0,
      "nb_avis": 38,
      "departement": "12",
      "recherche": "plombier",
      "ville_recherche": "Montévrain",
      "departement_recherche": "77"
    },
    {
      "nom": "Plombier Chauffagiste RENARD-DELORD Michel",
      "telephone": "01 64 03 13 46",
      "site_web": "http://www.plombier-chauffagiste-coulommiers.fr/",
      "adresse": "24 Rue Jean Bobe",
      "code_postal": "81377",
      "ville": null,
      "note": 4.6,
      "nb_avis": 21,
      "departement": "81",
      "recherche": "plombier",
      "ville_recherche": "Coulommiers",
      "departement_recherche": "77"
    },
    {
      "nom": "PLOMBERIE / DÉBOUCHAGE / FUITE - La Rochette - (77000)",
      "telephone": "06 69 37 94 04",
      "site_web": "https://plombier-eco-express.fr/",
      "adresse": "11 Rue Benjamin Franklin",
      "code_postal": "77000",
      "ville": null,
      "note": 5.0,
      "nb_avis": 57,
      "departement": "77",
      "recherche": "plombier",
      "ville_recherche": "Fontainebleau",
      "departement_recherche": "77"
    },
    {
      "nom": "Bequet Plombier",
      "telephone": "06 07 16 32 01",
      "site_web": "https://www.facebook.com/BEQUET.Plombier.SpecialistedeSalledeBains",
      "adresse": "235 Rue Alfred Darroux",
      "code_postal": "12690",
      "ville": null,
      "note": null,
      "nb_avis": null,
      "departement": "12",
      "recherche": "plombier",
      "ville_recherche": "Saint-Fargeau-Ponthierry",
      "departement_recherche": "77"
    },
    {
      "nom": "Rachid plombier chauffagiste",
      "telephone": "06 27 73 73 74",
      "site_web": null,
      "adresse": null,
      "code_postal": "12690",
      "ville": null,
      "note": 4.9,
      "nb_avis": 62,
      "departement": "12",
      "recherche": "plombier",
      "ville_recherche": "Moissy-Cramayel",
      "departement_recherche": "77"
    },
    {
      "nom": "LA DEMEURE DU BATIMENT",
      "telephone": "07 57 93 39 05",
      "site_web": "http://lademeuredubatiment.com/",
      "adresse": "17 Rue Mozart",
      "code_postal": "12690",
      "ville": null,
      "note": null,
      "nb_avis": null,
      "departement": "12",
      "recherche": "plombier",
      "ville_recherche": "Lognes",
      "departement_recherche": "77"
    },
    {
      "nom": "Serrurier - L'Artisan d'à Côté Dépannage",
      "telephone": "01 87 66 70 60",
      "site_web": null,
      "adresse": "223 Rue Henri Menier",
      "code_postal": "12690",
      "ville": null,
      "note": 4.9,
      "nb_avis": 72,
      "departement": "12",
      "recherche": "plombier",
      "ville_recherche": "Noisiel",
      "departement_recherche": "77"
    },
    {
      "nom": "Entreprise Nivault",
      "telephone": "01 64 65 05 98",
      "site_web": "https://www.facebook.com/Entreprise-Nivault-101971063564946/?utm_source=gmb",
      "adresse": "41 Rue Abel Prouharam",
      "code_postal": "12690",
      "ville": null,
      "note": 4.6,
      "nb_avis": 27,
      "departement": "12",
      "recherche": "plombier",
      "ville_recherche": "Coulommiers",
      "departement_recherche": "77"
    },
    {
      "nom": "Gpro",
      "telephone": "06 46 76 23 17",
      "site_web": null,
      "adresse": null,
      "code_postal": "12690",
      "ville": null,
      "note": 5.0,
      "nb_avis": 16,
      "departement": "12",
      "recherche": "plombier",
      "ville_recherche": "Montévrain",
      "departement_recherche": "77"
    },
    {
      "nom": "BFC SERVICES",
      "telephone": "06 47 67 23 61",
      "site_web": null,
      "adresse": null,
      "code_postal": "12690",
      "ville": null,
      "note": 5.0,
      "nb_avis": 13,
      "departement": "12",
      "recherche": "plombier",
      "ville_recherche": "Fontainebleau",
      "departement_recherche": "77"
    },
    {
      "nom": "R-ELBAT",
      "telephone": "01 64 37 77 61",
      "site_web": "https://relbat.fr/",
      "adresse": null,
      "code_postal": "12690",
      "ville": null,
      "note": 5.0,
      "nb_avis": 27,
      "departement": "12",
      "recherche": "plombier",
      "ville_recherche": "Moissy-Cramayel",
      "departement_recherche": "77"
    },
    {
      "nom": "Ld Eaux",
      "telephone": "07 53 69 15 40",
      "site_web": "https://www.ldeaux.fr/",
      "adresse": null,
      "code_postal": "12690",
      "ville": null,
      "note": 4.8,
      "nb_avis": 88,
      "departement": "12",
      "recherche": "plombier",
      "ville_recherche": "Noisiel",
      "departement_recherche": "77"
    },
    {
      "nom": "Ets Latour",
      "telephone": "01 83 64 52 15",
      "site_web": "https://www.ets-seine-et-marnais.fr/",
      "adresse": "3 Rue Berthereau",
      "code_postal": "12690",
      "ville": null,
      "note": 4.6,
      "nb_avis": 11,
      "departement": "12",
      "recherche": "plombier",
      "ville_recherche": "Coulommiers",
      "departement_recherche": "77"
    },
    {
      "nom": "S.Y.G Energy",
      "telephone": "06 21 53 98 13",
      "site_web": null,
      "adresse": null,
      "code_postal": "12690",
      "ville": null,
      "note": 4.8,
      "nb_avis": 115,
      "departement": "12",
      "recherche": "plombier",
      "ville_recherche": "Montévrain",
      "departement_recherche": "77"
    },
    {
      "nom": "Mebtouche Energie",
      "telephone": "06 51 33 42 36",
      "site_web": "https://mebtouche-energie.fr/?utm_source=gmb",
      "adresse": null,
      "code_postal": "12690",
      "ville": null,
      "note": 4.5,
      "nb_avis": 16,
      "departement": "12",
      "recherche": "plombier",
      "ville_recherche": "Fontainebleau",
      "departement_recherche": "77"
    },
    {
      "nom": "JL SERVICES",
      "telephone": "07 65 71 01 83",
      "site_web": "https://gratuit-4756056.webadorsite.com/",
      "adresse": null,
      "code_postal": "12690",
      "ville": null,
      "note": 5.0,
      "nb_avis": 25,
      "departement": "12",
      "recherche": "plombier",
      "ville_recherche": "Moissy-Cramayel",
      "departement_recherche": "77"
    },
    {
      "nom": "Bernard Dépannage | Plombier, chauffagiste & rénovation",
      "telephone": "06 58 16 56 21",
      "site_web": "https://depannage-plomberie-chauffage-77.fr/",
      "adresse": null,
      "code_postal": "12690",
      "ville": null,
      "note": 4.9,
      "nb_avis": 9,
      "departement": "12",
      "recherche": "plombier",
      "ville_recherche": "Coulommiers",
      "departement_recherche": "77"
    },
    {
      "nom": "GBTP des artisans",
      "telephone": "01 89 62 11 56",
      "site_web": "https://www.depannageurgence.com/",
      "adresse": null,
      "code_postal": "12690",
      "ville": null,
      "note": 5.0,
      "nb_avis": 5,
      "departement": "12",
      "recherche": "plombier",
      "ville_recherche": "Noisiel",
      "departement_recherche": "77"
    },
    {
      "nom": "AMCA chauffagiste plombier",
      "telephone": "07 58 50 32 79",
      "site_web": "https://www.amcachauffageclimplomberie.com/",
      "adresse": null,
      "code_postal": "12690",
      "ville": null,
      "note": 4.5,
      "nb_avis": 83,
      "departement": "12",
      "recherche": "plombier",
      "ville_recherche": "Fontainebleau",
      "departement_recherche": "77"
    },
    {
      "nom": "KAP Plombier débouchage canalisation - recherche de fuite d'eau - remplacement ballon d'eau chaude",
      "telephone": null,
      "site_web": "https://kap-plombier-chessy.com/",
      "adresse": "3 Rue d'Orsonville",
      "code_postal": "12690",
      "ville": null,
      "note": 5.0,
      "nb_avis": 3,
      "departement": "12",
      "recherche": "plombier",
      "ville_recherche": "Montévrain",
      "departement_recherche": "77"
    },
    {
      "nom": "Caramelo Clara plomberie-chauffage",
      "telephone": "06 99 06 26 51",
      "site_web": "https://caramelo-clara.com/",
      "adresse": null,
      "code_postal": "12690",
      "ville": null,
      "note": 5.0,
      "nb_avis": 7,
      "departement": "12",
      "recherche": "plombier",
      "ville_recherche": "Moissy-Cramayel",
      "departement_recherche": "77"
    },
    {
      "nom": "SEVESTE",
      "telephone": "01 64 75 26 19",
      "site_web": null,
      "adresse": "3 Rue des Longs Sillons",
      "code_postal": "12690",
      "ville": null,
      "note": null,
      "nb_avis": null,
      "departement": "12",
      "recherche": "plombier",
      "ville_recherche": "Coulommiers",
      "departement_recherche": "77"
    },
    {
      "nom": "JNF Plomberie",
      "telephone": "06 18 71 08 99",
      "site_web": "https://www.quotatis.fr/artisan/jnf-plomberie-78nGagNE0ZPm1zS8jirGWP#notation",
      "adresse": "2 Rue Roger Salengro",
      "code_postal": "12690",
      "ville": null,
      "note": 4.8,
      "nb_avis": 57,
      "departement": "12",
      "recherche": "plombier",
      "ville_recherche": "Noisiel",
      "departement_recherche": "77"
    },
    {
      "nom": "M-EL BAT",
      "telephone": "01 60 63 85 99",
      "site_web": null,
      "adresse": null,
      "code_postal": "12690",
      "ville": null,
      "note": 4.0,
      "nb_avis": 4,
      "departement": "12",
      "recherche": "plombier",
      "ville_recherche": "Moissy-Cramayel",
      "departement_recherche": "77"
    },
    {
      "nom": "Entreprise Chagot",
      "telephone": "01 60 72 17 87",
      "site_web": "https://www.ent-chagot.fr/?utm_source=gmb",
      "adresse": "56 Rue du Viaduc",
      "code_postal": "12690",
      "ville": null,
      "note": 4.2,
      "nb_avis": 52,
      "departement": "12",
      "recherche": "plombier",
      "ville_recherche": "Fontainebleau",
      "departement_recherche": "77"
    },
    {
      "nom": "DTE - Chauffage",
      "telephone": "06 08 55 14 90",
      "site_web": "http://www.dte-chauffage.fr/",
      "adresse": "13 Rue Ferraille",
      "code_postal": "12690",
      "ville": null,
      "note": 5.0,
      "nb_avis": 9,
      "departement": "12",
      "recherche": "plombier",
      "ville_recherche": "Montévrain",
      "departement_recherche": "77"
    },
    {
      "nom": "BF Plomberie 77 - Plombier 77",
      "telephone": "06 43 64 01 23",
      "site_web": null,
      "adresse": null,
      "code_postal": "12690",
      "ville": null,
      "note": 5.0,
      "nb_avis": 41,
      "departement": "12",
      "recherche": "plombier",
      "ville_recherche": "Coulommiers",
      "departement_recherche": "77"
    },
    {
      "nom": "Alerte Plomberie Renovation",
      "telephone": "06 99 62 23 96",
      "site_web": "http://alerte-plomberie-renovation.fr/",
      "adresse": null,
      "code_postal": "12690",
      "ville": null,
      "note": 5.0,
      "nb_avis": 7,
      "departement": "12",
      "recherche": "plombier",
      "ville_recherche": "Noisiel",
      "departement_recherche": "77"
    },
    {
      "nom": "PSPC - Parisien Spécialiste Plomberie Chauffage",
      "telephone": "01 64 43 08 74",
      "site_web": null,
      "adresse": null,
      "code_postal": "12690",
      "ville": null,
      "note": 2.5,
      "nb_avis": 2,
      "departement": "12",
      "recherche": "plombier",
      "ville_recherche": "Moissy-Cramayel",
      "departement_recherche": "77"
    },
    {
      "nom": "OC ENERGIE",
      "telephone": "06 12 94 69 33",
      "site_web": "https://www.facebook.com/share/14sW9hPhVL/",
      "adresse": null,
      "code_postal": "12690",
      "ville": null,
      "note": 5.0,
      "nb_avis": 37,
      "departement": "12",
      "recherche": "plombier",
      "ville_recherche": "Fontainebleau",
      "departement_recherche": "77"
    },
    {
      "nom": "Ets Latour",
      "telephone": "01 83 64 52 15",
      "site_web": "https://www.ets-seine-et-marnais.fr/",
      "adresse": null,
      "code_postal": "12690",
      "ville": null,
      "note": 5.0,
      "nb_avis": 10,
      "departement": "12",
      "recherche": "plombier",
      "ville_recherche": "Montévrain",
      "departement_recherche": "77"
    },
    {
      "nom": "MCR | Plombier Chauffagiste (77)",
      "telephone": "06 47 93 91 07",
      "site_web": null,
      "adresse": null,
      "code_postal": "12690",
      "ville": null,
      "note": 4.8,
      "nb_avis": 19,
      "departement": "12",
      "recherche": "plombier",
      "ville_recherche": "Coulommiers",
      "departement_recherche": "77"
    },
    {
      "nom": "Pélissier Docteur chauffage",
      "telephone": "06 41 55 88 22",
      "site_web": "http://drchauffage75.fr/",
      "adresse": "24 Rue du Jeu de Paume",
      "code_postal": "12690",
      "ville": null,
      "note": 5.0,
      "nb_avis": 4,
      "departement": "12",
      "recherche": "plombier",
      "ville_recherche": "Moissy-Cramayel",
      "departement_recherche": "77"
    },
    {
      "nom": "Serrurier Noisiel Cyrobat - dépannage - installation",
      "telephone": "06 64 65 49 31",
      "site_web": "http://www.cyrobat.fr/",
      "adresse": "2 Rue du Commandant Louis Bouchet",
      "code_postal": "12690",
      "ville": null,
      "note": 4.9,
      "nb_avis": 275,
      "departement": "12",
      "recherche": "plombier",
      "ville_recherche": "Noisiel",
      "departement_recherche": "77"
    },
    {
      "nom": "Thom’s industrie",
      "telephone": "06 66 36 70 42",
      "site_web": "http://thoms-industrie.fr/?utm_source=gmb",
      "adresse": null,
      "code_postal": "12690",
      "ville": null,
      "note": 5.0,
      "nb_avis": 9,
      "departement": "12",
      "recherche": "plombier",
      "ville_recherche": "Fontainebleau",
      "departement_recherche": "77"
    },
    {
      "nom": "Le plombier chauffagiste 77",
      "telephone": "06 21 05 79 94",
      "site_web": "https://plombierchauffagiste77.com/",
      "adresse": null,
      "code_postal": "12690",
      "ville": null,
      "note": 5.0,
      "nb_avis": 49,
      "departement": "12",
      "recherche": "plombier",
      "ville_recherche": "Coulommiers",
      "departement_recherche": "77"
    },
    {
      "nom": "Acph 77 SARL",
      "telephone": "06 84 99 77 73",
      "site_web": "http://www.facebook.com/pages/category/Plumbing-Service/ACPH-77-168163480428439/?utm_source=gmb",
      "adresse": "8 Rue de la Grange",
      "code_postal": "12690",
      "ville": null,
      "note": 4.5,
      "nb_avis": 8,
      "departement": "12",
      "recherche": "plombier",
      "ville_recherche": "Montévrain",
      "departement_recherche": "77"
    },
    {
      "nom": "ACR PLOMBERIE",
      "telephone": "06 10 68 53 87",
      "site_web": "https://acrplomberie.fr/fr",
      "adresse": null,
      "code_postal": "12690",
      "ville": null,
      "note": 5.0,
      "nb_avis": 15,
      "departement": "12",
      "recherche": "plombier",
      "ville_recherche": "Noisiel",
      "departement_recherche": "77"
    },
    {
      "nom": "Lbp",
      "telephone": null,
      "site_web": null,
      "adresse": null,
      "code_postal": "12690",
      "ville": null,
      "note": 4.0,
      "nb_avis": 4,
      "departement": "12",
      "recherche": "plombier",
      "ville_recherche": "Fontainebleau",
      "departement_recherche": "77"
    },
    {
      "nom": "Frans Bonhomme Coulommiers",
      "telephone": "01 64 04 98 71",
      "site_web": "https://www.fransbonhomme.fr/store-finder/77120-coulommiers-378",
      "adresse": null,
      "code_postal": "12690",
      "ville": null,
      "note": 4.2,
      "nb_avis": 18,
      "departement": "12",
      "recherche": "plombier",
      "ville_recherche": "Coulommiers",
      "departement_recherche": "77"
    },
    {
      "nom": "HAIT Plombier débouchage canalisation chessy - installation ballon d'eau chaude",
      "telephone": "01 85 09 56 10",
      "site_web": "https://hait-plombier-chessy.com/",
      "adresse": "6 Rue de la Marne",
      "code_postal": "12690",
      "ville": null,
      "note": 5.0,
      "nb_avis": 10,
      "departement": "12",
      "recherche": "plombier",
      "ville_recherche": "Montévrain",
      "departement_recherche": "77"
    },
    {
      "nom": "RBN Entreprise",
      "telephone": "07 88 91 40 66",
      "site_web": "https://www.instagram.com/rbn.entreprise?igsh=em5oY252dzlmY3Zy&utm_source=qr",
      "adresse": null,
      "code_postal": "12690",
      "ville": null,
      "note": 5.0,
      "nb_avis": 37,
      "departement": "12",
      "recherche": "plombier",
      "ville_recherche": "Noisiel",
      "departement_recherche": "77"
    },
    {
      "nom": "Servi-gaz - Chauffagiste 77",
      "telephone": "01 60 66 23 26",
      "site_web": "https://www.chauffagiste-77.fr/",
      "adresse": null,
      "code_postal": "12690",
      "ville": null,
      "note": 4.7,
      "nb_avis": 89,
      "departement": "12",
      "recherche": "plombier",
      "ville_recherche": "Fontainebleau",
      "departement_recherche": "77"
    },
    {
      "nom": "SARL CNPC 77",
      "telephone": "01 64 04 67 24",
      "site_web": "https://www.pagesjaunes.fr/pros/61282923",
      "adresse": null,
      "code_postal": "12690",
      "ville": null,
      "note": 5.0,
      "nb_avis": 15,
      "departement": "12",
      "recherche": "plombier",
      "ville_recherche": "Coulommiers",
      "departement_recherche": "77"
    }
  ],
  "last_updated": "2026-01-27T21:59:07.633464"
}