[
  {
    "nom": "La Compagnie Des Déboucheurs",
    "telephone": "01 64 72 21 57",
    "site_web": "https://www.compagnie-deboucheurs.com/seine-et-marne/",
    "adresse": "22 Rue Pierre Mendès France, 77200 Torcy, France",
    "code_postal": "77200",
    "ville": "Torcy, France",
    "note": 4.5,
    "nb_avis": 534,
    "recherche": "plombier",
    "ville_recherche": "Torcy"
  },
  {
    "nom": "AIPC",
    "telephone": "07 88 86 72 91",
    "site_web": "http://aipc.pro/",
    "adresse": "14 Rue de Vichelles, 60350 Chelles, France",
    "code_postal": "60350",
    "ville": "Chelles, France",
    "note": 4.8,
    "nb_avis": 11,
    "recherche": "plombier",
    "ville_recherche": "Chelles"
  },
  {
    "nom": "Pro EPC",
    "telephone": "07 67 25 48 26",
    "site_web": "http://www.pro-epc.fr/",
    "adresse": null,
    "code_postal": null,
    "ville": null,
    "note": 4.5,
    "nb_avis": 75,
    "recherche": "plombier",
    "ville_recherche": "Torcy"
  },
  {
    "nom": "Plombier débouchage canalisation Torcy",
    "telephone": null,
    "site_web": "https://plombier-debouchage-canalisation-torcy.com/",
    "adresse": "55 All. Gaston Defferre, 77200 Torcy, France",
    "code_postal": "77200",
    "ville": "Torcy, France",
    "note": 4.5,
    "nb_avis": null,
    "recherche": "plombier",
    "ville_recherche": "Torcy"
  },
  {
    "nom": "Ids plomberie",
    "telephone": "07 84 85 06 29",
    "site_web": null,
    "adresse": null,
    "code_postal": null,
    "ville": null,
    "note": 4.8,
    "nb_avis": 9,
    "recherche": "plombier",
    "ville_recherche": "Chelles"
  },
  {
    "nom": "AB Plomberie",
    "telephone": "06 87 40 18 02",
    "site_web": null,
    "adresse": null,
    "code_postal": null,
    "ville": null,
    "note": 4.5,
    "nb_avis": 21,
    "recherche": "plombier",
    "ville_recherche": "Torcy"
  },
  {
    "nom": "LEB dépannage",
    "telephone": "06 05 50 63 63",
    "site_web": "https://lebdepannage.fr/",
    "adresse": null,
    "code_postal": null,
    "ville": null,
    "note": 4.8,
    "nb_avis": 5,
    "recherche": "plombier",
    "ville_recherche": "Chelles"
  },
  {
    "nom": "LAP2C",
    "telephone": "06 50 55 62 56",
    "site_web": null,
    "adresse": null,
    "code_postal": null,
    "ville": null,
    "note": 4.5,
    "nb_avis": 17,
    "recherche": "plombier",
    "ville_recherche": "Torcy"
  },
  {
    "nom": "Extra Plombier",
    "telephone": "06 67 92 70 52",
    "site_web": "https://extra-plombier.fr/",
    "adresse": null,
    "code_postal": null,
    "ville": null,
    "note": 4.8,
    "nb_avis": 72,
    "recherche": "plombier",
    "ville_recherche": "Chelles"
  },
  {
    "nom": "Attelann Croissy-Beaubourg",
    "telephone": "01 71 58 87 06",
    "site_web": "https://www.facebook.com/attelann.fr/?utm_source=gmb",
    "adresse": "69 Rue de Paris, 77183 Croissy-Beaubourg, France",
    "code_postal": "77183",
    "ville": "Croissy-Beaubourg, France",
    "note": 4.5,
    "nb_avis": 327,
    "recherche": "plombier",
    "ville_recherche": "Torcy"
  },
  {
    "nom": "ETS ROUBAIX père et fils - Votre artisan de proximité",
    "telephone": "06 25 09 55 35",
    "site_web": "https://etsroubaix.fr/",
    "adresse": null,
    "code_postal": null,
    "ville": null,
    "note": 4.8,
    "nb_avis": 23,
    "recherche": "plombier",
    "ville_recherche": "Chelles"
  },
  {
    "nom": "ACR PLOMBERIE",
    "telephone": null,
    "site_web": null,
    "adresse": null,
    "code_postal": null,
    "ville": null,
    "note": null,
    "nb_avis": null,
    "recherche": "plombier",
    "ville_recherche": "Torcy"
  },
  {
    "nom": "ETS PUZIO Axenergie Chelles",
    "telephone": "01 60 08 45 45",
    "site_web": "https://www.axenergie.eu/agences/23-ets-puzio",
    "adresse": "28 Rue du Valengelier, 77500 Chelles, France",
    "code_postal": "77500",
    "ville": "Chelles, France",
    "note": 4.8,
    "nb_avis": 167,
    "recherche": "plombier",
    "ville_recherche": "Chelles"
  },
  {
    "nom": "2L Eaux Dépannages",
    "telephone": "07 68 23 79 24",
    "site_web": "https://www.plombier-chauffagiste93.fr/?utm_source=gmb",
    "adresse": "122 All. de la Dhuys, 93220 Gagny, France",
    "code_postal": "93220",
    "ville": "Gagny, France",
    "note": 4.8,
    "nb_avis": 292,
    "recherche": "plombier",
    "ville_recherche": "Chelles"
  },
  {
    "nom": "EAU PLUS",
    "telephone": "01 64 11 08 97",
    "site_web": "http://www.eau-plus.com/",
    "adresse": "2 Rue Philippe Lebon, 77500 Chelles, France",
    "code_postal": "77500",
    "ville": "Chelles, France",
    "note": 4.8,
    "nb_avis": 22,
    "recherche": "plombier",
    "ville_recherche": "Chelles"
  },
  {
    "nom": "J&D",
    "telephone": "06 47 31 52 59",
    "site_web": null,
    "adresse": "5 Rue de la Chapelle, 45390 Bromeilles, France",
    "code_postal": "45390",
    "ville": "Bromeilles, France",
    "note": 5.0,
    "nb_avis": 1,
    "recherche": "plombier",
    "ville_recherche": "Gironville"
  },
  {
    "nom": "AG Plomberie",
    "telephone": "06 13 96 45 54",
    "site_web": null,
    "adresse": "7 All. du Croc Martin, 91820 Boutigny-sur-Essonne, France",
    "code_postal": "91820",
    "ville": "Boutigny-sur-Essonne, France",
    "note": 5.0,
    "nb_avis": 11,
    "recherche": "plombier",
    "ville_recherche": "Gironville"
  },
  {
    "nom": "Ld Eaux",
    "telephone": "07 53 69 15 40",
    "site_web": "https://www.ldeaux.fr/contact/",
    "adresse": "4 Sq. Alain, 77186 Noisiel, France",
    "code_postal": "77186",
    "ville": "Noisiel, France",
    "note": 5.0,
    "nb_avis": 4,
    "recherche": "plombier",
    "ville_recherche": "Gironville"
  },
  {
    "nom": "G.R.E.G. Plombier Chauffagiste 91",
    "telephone": "01 89 43 32 06",
    "site_web": "http://gregplombierchauffagiste91.fr/",
    "adresse": "9 Rue Jenner, 91600 Savigny-sur-Orge, France",
    "code_postal": "91600",
    "ville": "Savigny-sur-Orge, France",
    "note": 5.0,
    "nb_avis": 83,
    "recherche": "plombier",
    "ville_recherche": "Gironville"
  },
  {
    "nom": "IRJ Plomberie",
    "telephone": "06 17 77 46 25",
    "site_web": "http://www.facebook.com/plomberieirj",
    "adresse": "1 Chem. du Bois des Vignes, 91140 Villejust, France",
    "code_postal": "91140",
    "ville": "Villejust, France",
    "note": 5.0,
    "nb_avis": 69,
    "recherche": "plombier",
    "ville_recherche": "Gironville"
  },
  {
    "nom": "VÉNÈTES - Plomberie Chauffage Électricité",
    "telephone": null,
    "site_web": null,
    "adresse": null,
    "code_postal": null,
    "ville": null,
    "note": null,
    "nb_avis": null,
    "recherche": "plombier",
    "ville_recherche": "Gironville"
  },
  {
    "nom": "ML Plomberie",
    "telephone": "06 08 08 89 03",
    "site_web": null,
    "adresse": "5 Rte de Rue, 80550 Le Crotoy, France",
    "code_postal": "80550",
    "ville": "Le Crotoy, France",
    "note": 5.0,
    "nb_avis": 14,
    "recherche": "plombier",
    "ville_recherche": "Frétoy"
  },
  {
    "nom": "Sarl Mietton",
    "telephone": "03 22 87 25 56",
    "site_web": "http://www.plomberie-mietton.fr/",
    "adresse": "14 Rue du Bosquet, 60310 Ognolles, France",
    "code_postal": "60310",
    "ville": "Ognolles, France",
    "note": 5.0,
    "nb_avis": 11,
    "recherche": "plombier",
    "ville_recherche": "Frétoy"
  },
  {
    "nom": "MORIN PERE ET FILS",
    "telephone": "06 85 56 60 86",
    "site_web": "https://www.facebook.com/profile.php?id=100055487095821",
    "adresse": "10 bis Rue Neuve-Dieu, 77160 Provins, France",
    "code_postal": "77160",
    "ville": "Provins, France",
    "note": 4.8,
    "nb_avis": 191,
    "recherche": "plombier",
    "ville_recherche": "Lizines"
  },
  {
    "nom": "Frétoy",
    "telephone": null,
    "site_web": null,
    "adresse": null,
    "code_postal": null,
    "ville": null,
    "note": 5.0,
    "nb_avis": null,
    "recherche": "plombier",
    "ville_recherche": "Frétoy"
  },
  {
    "nom": "Sarl Lbl Plomberie Chauffage Climatisation",
    "telephone": "06 17 73 82 96",
    "site_web": null,
    "adresse": "8 Rue de la Guette, 77130 La Grande-Paroisse, France",
    "code_postal": "77130",
    "ville": "La Grande-Paroisse, France",
    "note": 4.8,
    "nb_avis": 123,
    "recherche": "plombier",
    "ville_recherche": "Lizines"
  },
  {
    "nom": "Tony Plomberie 62/80",
    "telephone": "06 95 36 38 98",
    "site_web": "https://www.tonyplomberie.fr/",
    "adresse": null,
    "code_postal": null,
    "ville": null,
    "note": 5.0,
    "nb_avis": 11,
    "recherche": "plombier",
    "ville_recherche": "Frétoy"
  },
  {
    "nom": "Plomberie Solution",
    "telephone": "06 49 58 98 43",
    "site_web": "https://www.plomberie-solution.fr/",
    "adresse": "3 Rue du Moulin, 77720 Bombon, France",
    "code_postal": "77720",
    "ville": "Bombon, France",
    "note": 4.8,
    "nb_avis": 98,
    "recherche": "plombier",
    "ville_recherche": "Lizines"
  },
  {
    "nom": "SARL Bregier Florian",
    "telephone": "07 62 49 16 86",
    "site_web": "https://www.sarlbregierflorian.fr/",
    "adresse": null,
    "code_postal": null,
    "ville": null,
    "note": 5.0,
    "nb_avis": 15,
    "recherche": "plombier",
    "ville_recherche": "Frétoy"
  },
  {
    "nom": "Rodrigues-Vilarinho plomberie chauffage",
    "telephone": "07 83 33 63 58",
    "site_web": null,
    "adresse": "Rue des Hortensias, 77160 Chenoise-Cucharmoy, France",
    "code_postal": "77160",
    "ville": "Chenoise-Cucharmoy, France",
    "note": 4.8,
    "nb_avis": 12,
    "recherche": "plombier",
    "ville_recherche": "Lizines"
  },
  {
    "nom": "DUPONT THERMIQUE",
    "telephone": "03 44 42 44 13",
    "site_web": null,
    "adresse": "8 Rue de Roilaye, 60350 Croutoy, France",
    "code_postal": "60350",
    "ville": "Croutoy, France",
    "note": 5.0,
    "nb_avis": 13,
    "recherche": "plombier",
    "ville_recherche": "Frétoy"
  },
  {
    "nom": "SOHIER TR PLOMBERIE",
    "telephone": "06 98 01 12 27",
    "site_web": null,
    "adresse": null,
    "code_postal": null,
    "ville": null,
    "note": 4.8,
    "nb_avis": 8,
    "recherche": "plombier",
    "ville_recherche": "Lizines"
  },
  {
    "nom": "Bruno féron",
    "telephone": "06 67 14 71 16",
    "site_web": null,
    "adresse": null,
    "code_postal": null,
    "ville": null,
    "note": 5.0,
    "nb_avis": 2,
    "recherche": "plombier",
    "ville_recherche": "Frétoy"
  },
  {
    "nom": "VÉNÈTES - Plomberie Chauffage Électricité",
    "telephone": "06 95 75 46 33",
    "site_web": "https://www.venetes-pce.fr/",
    "adresse": null,
    "code_postal": null,
    "ville": null,
    "note": 5.0,
    "nb_avis": 13,
    "recherche": "plombier",
    "ville_recherche": "Paroy"
  },
  {
    "nom": "Sa Desavoy",
    "telephone": "03 22 09 75 40",
    "site_web": "http://www.plomberie-desavoy.fr/",
    "adresse": "37 Rue Victor Gaillard, 80110 Moreuil, France",
    "code_postal": "80110",
    "ville": "Moreuil, France",
    "note": 5.0,
    "nb_avis": 23,
    "recherche": "plombier",
    "ville_recherche": "Frétoy"
  },
  {
    "nom": "Cap Eco Confort",
    "telephone": "01 60 67 54 90",
    "site_web": "http://cap-eco-confort.com/",
    "adresse": "2 Imp. des Vignes, 77520 Paroy, France",
    "code_postal": "77520",
    "ville": "Paroy, France",
    "note": 5.0,
    "nb_avis": 135,
    "recherche": "plombier",
    "ville_recherche": "Paroy"
  },
  {
    "nom": "Ducauquy Ets",
    "telephone": "03 22 87 11 73",
    "site_web": "http://www.ducauquy.fr/",
    "adresse": "7 Rue Arthur Souverain, 80700 Roye, France",
    "code_postal": "80700",
    "ville": "Roye, France",
    "note": 5.0,
    "nb_avis": 63,
    "recherche": "plombier",
    "ville_recherche": "Frétoy"
  },
  {
    "nom": "Ets Leroy Père et Fils",
    "telephone": "01 34 81 16 56",
    "site_web": "https://www.ets-leroy-depannages.fr/?utm_source=gmb",
    "adresse": "7 Rue Louis Pasteur, 78370 Plaisir, France",
    "code_postal": "78370",
    "ville": "Plaisir, France",
    "note": 5.0,
    "nb_avis": 1,
    "recherche": "plombier",
    "ville_recherche": "Paroy"
  },
  {
    "nom": "Ets Leroy Pere et Fils",
    "telephone": "01 39 02 07 20",
    "site_web": "https://www.ets-leroy-depannages.fr/",
    "adresse": "5 Rue de la Procession, 78100 Saint-Germain-en-Laye, France",
    "code_postal": "78100",
    "ville": "Saint-Germain-en-Laye, France",
    "note": 5.0,
    "nb_avis": 24,
    "recherche": "plombier",
    "ville_recherche": "Paroy"
  },
  {
    "nom": "Ets Leroy Père et Fils",
    "telephone": "01 30 53 58 74",
    "site_web": "https://www.ets-leroy-depannages.fr/?utm_source=gmb",
    "adresse": "89 Av. du Maréchal Foch, 78400 Chatou, France",
    "code_postal": "78400",
    "ville": "Chatou, France",
    "note": 5.0,
    "nb_avis": 127,
    "recherche": "plombier",
    "ville_recherche": "Paroy"
  },
  {
    "nom": "Ets Leroy Père et Fils",
    "telephone": "01 39 72 36 94",
    "site_web": "https://www.ets-leroy-depannages.fr/?utm_source=gmb",
    "adresse": "56 Rue Désiré Clément, 78700 Conflans-Sainte-Honorine, France",
    "code_postal": "78700",
    "ville": "Conflans-Sainte-Honorine, France",
    "note": 5.0,
    "nb_avis": 35,
    "recherche": "plombier",
    "ville_recherche": "Paroy"
  },
  {
    "nom": "Ets Fontaine Père et Fils",
    "telephone": "01 30 06 06 06",
    "site_web": "https://www.ets-fontaine-yvelines.fr/?utm_source=gmb",
    "adresse": "226 Av. Gabriel Péri, 78360 Montesson, France",
    "code_postal": "78360",
    "ville": "Montesson, France",
    "note": 5.0,
    "nb_avis": 42,
    "recherche": "plombier",
    "ville_recherche": "Paroy"
  },
  {
    "nom": "sarl CHAMEROY",
    "telephone": "03 26 97 21 84",
    "site_web": "https://chameroy.com/",
    "adresse": "13 bis Rue du Moulin Florent, 51420 Witry-lès-Reims, France",
    "code_postal": "51420",
    "ville": "Witry-lès-Reims, France",
    "note": 5.0,
    "nb_avis": 64,
    "recherche": "plombier",
    "ville_recherche": "Paroy"
  },
  {
    "nom": "Ets Leroy Père et Fils",
    "telephone": "01 47 16 75 13",
    "site_web": "https://www.ets-leroy-depannages.fr/?utm_source=gmb",
    "adresse": "56 Av. Victor Hugo, 92500 Rueil-Malmaison, France",
    "code_postal": "92500",
    "ville": "Rueil-Malmaison, France",
    "note": 5.0,
    "nb_avis": 208,
    "recherche": "plombier",
    "ville_recherche": "Paroy"
  },
  {
    "nom": "Entreprise Leroy",
    "telephone": "01 60 46 07 49",
    "site_web": "https://plombier-chauffagiste-leroy.fr/fr/",
    "adresse": "77 Rue de Mandres, 91800 Brunoy, France",
    "code_postal": "91800",
    "ville": "Brunoy, France",
    "note": 5.0,
    "nb_avis": 40,
    "recherche": "plombier",
    "ville_recherche": "Paroy"
  },
  {
    "nom": "Plombier Repare.com Travaux plomberie salle de bain douche senior chauffage rénovation Assurance DEPANNAGE (77,45,89,91)",
    "telephone": "06 02 45 68 38",
    "site_web": "https://www.plombierrepare.com/",
    "adresse": "6 Rue du Prieuré, 77140 Nemours, France",
    "code_postal": "77140",
    "ville": "Nemours, France",
    "note": 5.0,
    "nb_avis": 58,
    "recherche": "plombier",
    "ville_recherche": "Paroy"
  },
  {
    "nom": "RAM SERVICES (plomberie, chauffage, recherche de fuites eau et gaz, débouchage, URGENCES)",
    "telephone": "06 51 03 06 43",
    "site_web": "https://ramservicesdepannage.wixsite.com/ramservices",
    "adresse": "24 Rue Nelson Mandela, 71100 Chalon-sur-Saône, France",
    "code_postal": "71100",
    "ville": "Chalon-sur-Saône, France",
    "note": 5.0,
    "nb_avis": 165,
    "recherche": "plombier",
    "ville_recherche": "Paroy"
  },
  {
    "nom": "SOS DEPANNAGE PCVC",
    "telephone": "06 22 02 21 69",
    "site_web": "https://www.sos-plomberie-chauffage.fr/",
    "adresse": "43 Rue du Général Frère, 54500 Vandœuvre-lès-Nancy, France",
    "code_postal": "54500",
    "ville": "Vandœuvre-lès-Nancy, France",
    "note": 5.0,
    "nb_avis": 56,
    "recherche": "plombier",
    "ville_recherche": "Paroy"
  },
  {
    "nom": "Julien le Plombier",
    "telephone": "06 84 44 56 06",
    "site_web": "https://www.facebook.com/Julien-le-plombier-496585234040905/",
    "adresse": null,
    "code_postal": null,
    "ville": null,
    "note": 5.0,
    "nb_avis": 53,
    "recherche": "plombier",
    "ville_recherche": "Paroy"
  },
  {
    "nom": "Patrick Pugeaut Depannage",
    "telephone": "03 85 48 93 99",
    "site_web": "http://www.patrick-pugeaut-depannage.fr/",
    "adresse": "21 Rue des Champs Roussots, 71100 Chalon-sur-Saône, France",
    "code_postal": "71100",
    "ville": "Chalon-sur-Saône, France",
    "note": 5.0,
    "nb_avis": 63,
    "recherche": "plombier",
    "ville_recherche": "Paroy"
  },
  {
    "nom": "Pineau Nicolas",
    "telephone": "02 51 60 02 75",
    "site_web": null,
    "adresse": "2 All. de l'Ouche du Puits, 85230 Saint-Urbain, France",
    "code_postal": "85230",
    "ville": "Saint-Urbain, France",
    "note": 4.6,
    "nb_avis": 9,
    "recherche": "plombier",
    "ville_recherche": "Beauvoir"
  },
  {
    "nom": "Sodeol Sarl - Inspection vidéo, réhabilitation des réseaux, recherche de fuites",
    "telephone": "02 51 39 87 53",
    "site_web": "https://www.sodeol-plomberie-debouchage.fr/",
    "adresse": "80 Rte des Ostreiculteurs, 85230 Beauvoir-sur-Mer, France",
    "code_postal": "85230",
    "ville": "Beauvoir-sur-Mer, France",
    "note": 4.6,
    "nb_avis": 12,
    "recherche": "plombier",
    "ville_recherche": "Beauvoir"
  },
  {
    "nom": "Littoral Vendee Solaire",
    "telephone": "02 51 68 10 69",
    "site_web": null,
    "adresse": "21 Rue de la Roche, 85230 Beauvoir-sur-Mer, France",
    "code_postal": "85230",
    "ville": "Beauvoir-sur-Mer, France",
    "note": 4.6,
    "nb_avis": 3,
    "recherche": "plombier",
    "ville_recherche": "Beauvoir"
  },
  {
    "nom": "Le plombier chauffagiste 77",
    "telephone": "06 21 05 79 94",
    "site_web": "https://plombierchauffagiste77.com/",
    "adresse": null,
    "code_postal": null,
    "ville": null,
    "note": 5.0,
    "nb_avis": 48,
    "recherche": "plombier",
    "ville_recherche": "Giremoutiers"
  },
  {
    "nom": "Milcent Jean-Paul",
    "telephone": "02 51 68 26 68",
    "site_web": null,
    "adresse": "48 Rue du Moulin Neuf, 85300 Le Perrier, France",
    "code_postal": "85300",
    "ville": "Le Perrier, France",
    "note": 4.6,
    "nb_avis": 15,
    "recherche": "plombier",
    "ville_recherche": "Beauvoir"
  },
  {
    "nom": "Felbacq Plomberie S.A.S",
    "telephone": "06 98 72 91 84",
    "site_web": "https://www.facebook.com/Felbacq-Plomberie-105688391570640",
    "adresse": null,
    "code_postal": null,
    "ville": null,
    "note": 5.0,
    "nb_avis": 12,
    "recherche": "plombier",
    "ville_recherche": "Giremoutiers"
  },
  {
    "nom": "Pascal Barreau - Plombier chauffage électricien",
    "telephone": "06 23 07 26 19",
    "site_web": "https://www.pascal-barreau.fr/",
    "adresse": "11 quater Rue du Gois, 85230 Beauvoir-sur-Mer, France",
    "code_postal": "85230",
    "ville": "Beauvoir-sur-Mer, France",
    "note": 4.6,
    "nb_avis": 7,
    "recherche": "plombier",
    "ville_recherche": "Beauvoir"
  },
  {
    "nom": "JOCK DÉPANNAGE",
    "telephone": "06 17 60 46 54",
    "site_web": null,
    "adresse": null,
    "code_postal": null,
    "ville": null,
    "note": 5.0,
    "nb_avis": 7,
    "recherche": "plombier",
    "ville_recherche": "Giremoutiers"
  },
  {
    "nom": "plumberic",
    "telephone": "01 64 67 36 16",
    "site_web": "http://plomberic.fr/",
    "adresse": "5 bis Rue de Pierrelevée, 77120 Giremoutiers, France",
    "code_postal": "77120",
    "ville": "Giremoutiers, France",
    "note": 5.0,
    "nb_avis": null,
    "recherche": "plombier",
    "ville_recherche": "Giremoutiers"
  },
  {
    "nom": "Da Costa",
    "telephone": "01 85 44 01 35",
    "site_web": null,
    "adresse": null,
    "code_postal": null,
    "ville": null,
    "note": 5.0,
    "nb_avis": 1,
    "recherche": "plombier",
    "ville_recherche": "Giremoutiers"
  },
  {
    "nom": "J.D.C.",
    "telephone": "01 85 39 03 21",
    "site_web": null,
    "adresse": null,
    "code_postal": null,
    "ville": null,
    "note": 5.0,
    "nb_avis": 1,
    "recherche": "plombier",
    "ville_recherche": "Giremoutiers"
  },
  {
    "nom": "MAG 24",
    "telephone": "06 68 40 37 68",
    "site_web": "https://mag24chauffagiste.wixsite.com/mag24chauffagiste",
    "adresse": null,
    "code_postal": null,
    "ville": null,
    "note": 5.0,
    "nb_avis": 27,
    "recherche": "plombier",
    "ville_recherche": "Giremoutiers"
  },
  {
    "nom": "Patrice Beche",
    "telephone": "01 85 52 00 65",
    "site_web": null,
    "adresse": null,
    "code_postal": null,
    "ville": null,
    "note": 5.0,
    "nb_avis": null,
    "recherche": "plombier",
    "ville_recherche": "Giremoutiers"
  },
  {
    "nom": "Hm Btp",
    "telephone": "01 85 44 01 36",
    "site_web": null,
    "adresse": null,
    "code_postal": null,
    "ville": null,
    "note": 5.0,
    "nb_avis": null,
    "recherche": "plombier",
    "ville_recherche": "Giremoutiers"
  },
  {
    "nom": "Tcp Installe",
    "telephone": "01 85 52 00 69",
    "site_web": null,
    "adresse": null,
    "code_postal": null,
    "ville": null,
    "note": 5.0,
    "nb_avis": null,
    "recherche": "plombier",
    "ville_recherche": "Giremoutiers"
  },
  {
    "nom": "Fraiklim",
    "telephone": "01 89 16 08 13",
    "site_web": null,
    "adresse": null,
    "code_postal": null,
    "ville": null,
    "note": 5.0,
    "nb_avis": null,
    "recherche": "plombier",
    "ville_recherche": "Giremoutiers"
  },
  {
    "nom": "Aux Bons Tuyaux",
    "telephone": "07 66 20 24 15",
    "site_web": "https://www.auxbonstuyaux.fr/",
    "adresse": "10 Rue Félix Genty 10 allée, 77370 Nangis, France",
    "code_postal": "77370",
    "ville": "Nangis, France",
    "note": 4.7,
    "nb_avis": 74,
    "recherche": "plombier",
    "ville_recherche": "Vanvillé"
  },
  {
    "nom": "CJ Joaquim",
    "telephone": "06 95 30 77 37",
    "site_web": null,
    "adresse": "229 Les Prés du Bourdeau, 77515 Faremoutiers, France",
    "code_postal": "77515",
    "ville": "Faremoutiers, France",
    "note": 5.0,
    "nb_avis": 29,
    "recherche": "plombier",
    "ville_recherche": "Giremoutiers"
  },
  {
    "nom": "ENTREPRISE CHATEAU",
    "telephone": "06 62 28 64 23",
    "site_web": "https://www.entreprise-chateau.fr/",
    "adresse": "5 Rue de Rome, 77540 Rozay-en-Brie, France",
    "code_postal": "77540",
    "ville": "Rozay-en-Brie, France",
    "note": 4.7,
    "nb_avis": 228,
    "recherche": "plombier",
    "ville_recherche": "Vanvillé"
  },
  {
    "nom": "D.M.I.S SAS",
    "telephone": "06 65 22 22 93",
    "site_web": "http://dmissas.site-solocal.com/",
    "adresse": null,
    "code_postal": null,
    "ville": null,
    "note": 5.0,
    "nb_avis": 115,
    "recherche": "plombier",
    "ville_recherche": "Giremoutiers"
  },
  {
    "nom": "Pouplier Alain",
    "telephone": "06 64 57 22 80",
    "site_web": null,
    "adresse": "22 Rue des Fermés, 77130 Marolles-sur-Seine, France",
    "code_postal": "77130",
    "ville": "Marolles-sur-Seine, France",
    "note": 4.7,
    "nb_avis": 83,
    "recherche": "plombier",
    "ville_recherche": "Vanvillé"
  },
  {
    "nom": "MCR | Plombier Chauffagiste (77)",
    "telephone": "06 47 93 91 07",
    "site_web": null,
    "adresse": "31 Bellevue, 77120 Amillis, France",
    "code_postal": "77120",
    "ville": "Amillis, France",
    "note": 5.0,
    "nb_avis": 19,
    "recherche": "plombier",
    "ville_recherche": "Giremoutiers"
  },
  {
    "nom": "Plomberie Solution",
    "telephone": "06 49 58 98 43",
    "site_web": "https://www.plomberie-solution.fr/",
    "adresse": "3 Rue du Moulin, 77720 Bombon, France",
    "code_postal": "77720",
    "ville": "Bombon, France",
    "note": 4.7,
    "nb_avis": 98,
    "recherche": "plombier",
    "ville_recherche": "Vanvillé"
  },
  {
    "nom": "Plombier Chauffagiste RENARD-DELORD Michel",
    "telephone": "01 64 03 13 46",
    "site_web": "http://www.plombier-chauffagiste-coulommiers.fr/",
    "adresse": "24 Rue Jean Bobe, 77120 Coulommiers, France",
    "code_postal": "77120",
    "ville": "Coulommiers, France",
    "note": 5.0,
    "nb_avis": 21,
    "recherche": "plombier",
    "ville_recherche": "Giremoutiers"
  },
  {
    "nom": "Nieto Rénovation Plomberie NRP (eurl)",
    "telephone": "06 66 13 20 61",
    "site_web": null,
    "adresse": null,
    "code_postal": null,
    "ville": null,
    "note": 4.7,
    "nb_avis": 31,
    "recherche": "plombier",
    "ville_recherche": "Vanvillé"
  },
  {
    "nom": "Entreprise Nivault",
    "telephone": "01 64 65 05 98",
    "site_web": "https://www.facebook.com/Entreprise-Nivault-101971063564946/?utm_source=gmb",
    "adresse": "41 Rue Abel Prouharam, 77120 Coulommiers, France",
    "code_postal": "77120",
    "ville": "Coulommiers, France",
    "note": 5.0,
    "nb_avis": 27,
    "recherche": "plombier",
    "ville_recherche": "Giremoutiers"
  },
  {
    "nom": "KB Plomberie",
    "telephone": "06 85 07 88 42",
    "site_web": null,
    "adresse": null,
    "code_postal": null,
    "ville": null,
    "note": 4.7,
    "nb_avis": 13,
    "recherche": "plombier",
    "ville_recherche": "Vanvillé"
  },
  {
    "nom": "BF Plomberie 77 - Plombier 77",
    "telephone": "06 43 64 01 23",
    "site_web": null,
    "adresse": "3 Hameau, Le Basset, 77169 Saint-Siméon, France",
    "code_postal": "77169",
    "ville": "Saint-Siméon, France",
    "note": 5.0,
    "nb_avis": 41,
    "recherche": "plombier",
    "ville_recherche": "Giremoutiers"
  },
  {
    "nom": "Jean Michel Vaz",
    "telephone": "01 89 16 08 17",
    "site_web": null,
    "adresse": null,
    "code_postal": null,
    "ville": null,
    "note": 5.0,
    "nb_avis": null,
    "recherche": "plombier",
    "ville_recherche": "Giremoutiers"
  },
  {
    "nom": "Sarl O Gaz",
    "telephone": "01 85 39 03 22",
    "site_web": null,
    "adresse": null,
    "code_postal": null,
    "ville": null,
    "note": 5.0,
    "nb_avis": null,
    "recherche": "plombier",
    "ville_recherche": "Giremoutiers"
  },
  {
    "nom": "PLOMBERIE GAZ",
    "telephone": "01 40 30 78 83",
    "site_web": "https://annuaire-entreprises.data.gouv.fr/entreprise/plomberie-gaz-820410215",
    "adresse": "9 Rue de Servolles, 77390 Guignes, France",
    "code_postal": "77390",
    "ville": "Guignes, France",
    "note": 5.0,
    "nb_avis": 5,
    "recherche": "plombier",
    "ville_recherche": "Courquetaine"
  },
  {
    "nom": "Sarl Analyse France Patrimoine",
    "telephone": "01 84 21 39 62",
    "site_web": null,
    "adresse": null,
    "code_postal": null,
    "ville": null,
    "note": 5.0,
    "nb_avis": null,
    "recherche": "plombier",
    "ville_recherche": "Giremoutiers"
  },
  {
    "nom": "Plombier Chauffagiste 77 | ADPC",
    "telephone": "06 26 34 30 71",
    "site_web": "https://societeadpc.fr/",
    "adresse": "7 Bd Aristide Briand, 77390 Chaumes-en-Brie, France",
    "code_postal": "77390",
    "ville": "Chaumes-en-Brie, France",
    "note": 5.0,
    "nb_avis": 11,
    "recherche": "plombier",
    "ville_recherche": "Courquetaine"
  },
  {
    "nom": "JMi Plomberie",
    "telephone": "06 46 01 98 12",
    "site_web": null,
    "adresse": null,
    "code_postal": null,
    "ville": null,
    "note": 5.0,
    "nb_avis": 32,
    "recherche": "plombier",
    "ville_recherche": "Courquetaine"
  },
  {
    "nom": "DGA Plomberie Chauffage",
    "telephone": "06 13 52 59 06",
    "site_web": null,
    "adresse": "122 Rue de la Noue, 77390 Fouju, France",
    "code_postal": "77390",
    "ville": "Fouju, France",
    "note": 5.0,
    "nb_avis": 11,
    "recherche": "plombier",
    "ville_recherche": "Courquetaine"
  },
  {
    "nom": "PCB",
    "telephone": "06 87 04 02 54",
    "site_web": null,
    "adresse": null,
    "code_postal": null,
    "ville": null,
    "note": 5.0,
    "nb_avis": 15,
    "recherche": "plombier",
    "ville_recherche": "Courquetaine"
  },
  {
    "nom": "Nieto Rénovation Plomberie NRP (eurl)",
    "telephone": "06 66 13 20 61",
    "site_web": null,
    "adresse": null,
    "code_postal": null,
    "ville": null,
    "note": 5.0,
    "nb_avis": 31,
    "recherche": "plombier",
    "ville_recherche": "Courquetaine"
  },
  {
    "nom": "YDC Chauffage Plomberie",
    "telephone": "01 71 30 21 15",
    "site_web": "http://ydc-chauffage-plomberie.fr/",
    "adresse": "10 Rue Sophie Germain, 77610 Fontenay-Trésigny, France",
    "code_postal": "77610",
    "ville": "Fontenay-Trésigny, France",
    "note": 5.0,
    "nb_avis": 38,
    "recherche": "plombier",
    "ville_recherche": "Courquetaine"
  },
  {
    "nom": "ENTREPRISE CHATEAU",
    "telephone": "06 62 28 64 23",
    "site_web": "https://www.entreprise-chateau.fr/",
    "adresse": "5 Rue de Rome, 77540 Rozay-en-Brie, France",
    "code_postal": "77540",
    "ville": "Rozay-en-Brie, France",
    "note": 5.0,
    "nb_avis": 228,
    "recherche": "plombier",
    "ville_recherche": "Courquetaine"
  },
  {
    "nom": "SALVAN",
    "telephone": "06 18 75 48 20",
    "site_web": "https://www.salvan-pcs.fr/",
    "adresse": null,
    "code_postal": null,
    "ville": null,
    "note": 5.0,
    "nb_avis": 22,
    "recherche": "plombier",
    "ville_recherche": "Courquetaine"
  },
  {
    "nom": "sarl pl2b plomberie",
    "telephone": "06 30 65 59 84",
    "site_web": null,
    "adresse": null,
    "code_postal": null,
    "ville": null,
    "note": 5.0,
    "nb_avis": 2,
    "recherche": "plombier",
    "ville_recherche": "Courquetaine"
  },
  {
    "nom": "Plomberie Solution",
    "telephone": "06 49 58 98 43",
    "site_web": "https://www.plomberie-solution.fr/",
    "adresse": "3 Rue du Moulin, 77720 Bombon, France",
    "code_postal": "77720",
    "ville": "Bombon, France",
    "note": 5.0,
    "nb_avis": 98,
    "recherche": "plombier",
    "ville_recherche": "Courquetaine"
  },
  {
    "nom": "ECO FLEAU SERVICES",
    "telephone": "01 83 75 02 37",
    "site_web": "https://www.ecfls.com/",
    "adresse": null,
    "code_postal": null,
    "ville": null,
    "note": 5.0,
    "nb_avis": 1,
    "recherche": "plombier",
    "ville_recherche": "Courquetaine"
  },
  {
    "nom": "Thomservices - Plomberie Solers",
    "telephone": "06 64 35 68 31",
    "site_web": "https://thom-services.fr/",
    "adresse": "45 Grande Rue, 77111 Solers, France",
    "code_postal": "77111",
    "ville": "Solers, France",
    "note": 5.0,
    "nb_avis": 19,
    "recherche": "plombier",
    "ville_recherche": "Courquetaine"
  },
  {
    "nom": "Julien Plomberie",
    "telephone": "06 18 95 07 33",
    "site_web": null,
    "adresse": "13 bis Rue Bertaux, 77610 Fontenay-Trésigny, France",
    "code_postal": "77610",
    "ville": "Fontenay-Trésigny, France",
    "note": 5.0,
    "nb_avis": 4,
    "recherche": "plombier",
    "ville_recherche": "Courquetaine"
  },
  {
    "nom": "Rudy Plomberie",
    "telephone": "06 16 13 67 35",
    "site_web": null,
    "adresse": null,
    "code_postal": null,
    "ville": null,
    "note": 5.0,
    "nb_avis": 17,
    "recherche": "plombier",
    "ville_recherche": "Courquetaine"
  },
  {
    "nom": "Aux Bons Tuyaux",
    "telephone": "07 66 20 24 15",
    "site_web": "https://www.auxbonstuyaux.fr/",
    "adresse": "10 Rue Félix Genty 10 allée, 77370 Nangis, France",
    "code_postal": "77370",
    "ville": "Nangis, France",
    "note": 4.7,
    "nb_avis": 74,
    "recherche": "plombier",
    "ville_recherche": "Vieux-Champagne"
  },
  {
    "nom": "RPC GAZ-EAU",
    "telephone": "06 43 32 11 56",
    "site_web": "http://plombier-gaz-eau.fr/",
    "adresse": "39 Av. Guynemer, 77330 Ozoir-la-Ferrière, France",
    "code_postal": "77330",
    "ville": "Ozoir-la-Ferrière, France",
    "note": 5.0,
    "nb_avis": 60,
    "recherche": "plombier",
    "ville_recherche": "Courquetaine"
  },
  {
    "nom": "DFE Plomberie",
    "telephone": "06 89 10 11 82",
    "site_web": null,
    "adresse": "14 Rue de la Picardie, 77720 Grandpuits-Bailly-Carrois, France",
    "code_postal": "77720",
    "ville": "Grandpuits-Bailly-Carrois, France",
    "note": 4.7,
    "nb_avis": 15,
    "recherche": "plombier",
    "ville_recherche": "Vieux-Champagne"
  },
  {
    "nom": "Eco Fl'eau Services",
    "telephone": "01 83 75 02 37",
    "site_web": "https://www.ecfls.com/",
    "adresse": "9 Rue du Jeu, 77390 Guignes, France",
    "code_postal": "77390",
    "ville": "Guignes, France",
    "note": 5.0,
    "nb_avis": 2,
    "recherche": "plombier",
    "ville_recherche": "Courquetaine"
  },
  {
    "nom": "MORIN PERE ET FILS",
    "telephone": "06 85 56 60 86",
    "site_web": "https://www.facebook.com/profile.php?id=100055487095821",
    "adresse": "10 bis Rue Neuve-Dieu, 77160 Provins, France",
    "code_postal": "77160",
    "ville": "Provins, France",
    "note": 4.7,
    "nb_avis": 191,
    "recherche": "plombier",
    "ville_recherche": "Vieux-Champagne"
  },
  {
    "nom": "Attelann Brie Comte Robert",
    "telephone": "01 45 92 95 89",
    "site_web": "https://www.attelann.fr/",
    "adresse": "21 Rte de Férolles, 77170 Brie-Comte-Robert, France",
    "code_postal": "77170",
    "ville": "Brie-Comte-Robert, France",
    "note": 5.0,
    "nb_avis": 13,
    "recherche": "plombier",
    "ville_recherche": "Courquetaine"
  },
  {
    "nom": "Plomberie Solution",
    "telephone": "06 49 58 98 43",
    "site_web": "https://www.plomberie-solution.fr/",
    "adresse": "3 Rue du Moulin, 77720 Bombon, France",
    "code_postal": "77720",
    "ville": "Bombon, France",
    "note": 4.7,
    "nb_avis": 98,
    "recherche": "plombier",
    "ville_recherche": "Vieux-Champagne"
  },
  {
    "nom": "ENTREPRISE CHATEAU",
    "telephone": "06 62 28 64 23",
    "site_web": "https://www.entreprise-chateau.fr/",
    "adresse": "5 Rue de Rome, 77540 Rozay-en-Brie, France",
    "code_postal": "77540",
    "ville": "Rozay-en-Brie, France",
    "note": 5.0,
    "nb_avis": 228,
    "recherche": "plombier",
    "ville_recherche": "La Chapelle-Iger"
  },
  {
    "nom": "Attelann Croissy-Beaubourg",
    "telephone": "01 71 58 87 06",
    "site_web": "https://www.facebook.com/attelann.fr/?utm_source=gmb",
    "adresse": "69 Rue de Paris, 77183 Croissy-Beaubourg, France",
    "code_postal": "77183",
    "ville": "Croissy-Beaubourg, France",
    "note": 5.0,
    "nb_avis": 327,
    "recherche": "plombier",
    "ville_recherche": "Courquetaine"
  },
  {
    "nom": "Medjani Yazid",
    "telephone": "01 64 01 67 33",
    "site_web": "http://renovation-medjani.fr/",
    "adresse": "28 Rue Grande, 77370 Vieux-Champagne, France",
    "code_postal": "77370",
    "ville": "Vieux-Champagne, France",
    "note": 4.7,
    "nb_avis": 5,
    "recherche": "plombier",
    "ville_recherche": "Vieux-Champagne"
  },
  {
    "nom": "cpe-gaz",
    "telephone": "06 18 06 15 98",
    "site_web": "https://cpe-gaz77.fr/",
    "adresse": "8 Rue du Moulin, 77370 Gastins, France",
    "code_postal": "77370",
    "ville": "Gastins, France",
    "note": 5.0,
    "nb_avis": 26,
    "recherche": "plombier",
    "ville_recherche": "La Chapelle-Iger"
  },
  {
    "nom": "E.D.C.P Plomberie , Sanitaire, Chauffage, Pompe à Chaleur, Climatisation",
    "telephone": "06 27 16 84 82",
    "site_web": null,
    "adresse": "35 Rue de Beaune, 77310 Boissise-le-Roi, France",
    "code_postal": "77310",
    "ville": "Boissise-le-Roi, France",
    "note": 5.0,
    "nb_avis": 171,
    "recherche": "plombier",
    "ville_recherche": "Courquetaine"
  },
  {
    "nom": "BF Plomberie 77 - Plombier 77",
    "telephone": "06 43 64 01 23",
    "site_web": null,
    "adresse": "3 Hameau, Le Basset, 77169 Saint-Siméon, France",
    "code_postal": "77169",
    "ville": "Saint-Siméon, France",
    "note": 4.7,
    "nb_avis": 41,
    "recherche": "plombier",
    "ville_recherche": "Vieux-Champagne"
  },
  {
    "nom": "Plomberie Solution",
    "telephone": "06 49 58 98 43",
    "site_web": "https://www.plomberie-solution.fr/",
    "adresse": "3 Rue du Moulin, 77720 Bombon, France",
    "code_postal": "77720",
    "ville": "Bombon, France",
    "note": 5.0,
    "nb_avis": 98,
    "recherche": "plombier",
    "ville_recherche": "La Chapelle-Iger"
  },
  {
    "nom": "NJC77 - Plomberie & Chauffagiste",
    "telephone": "06 79 50 68 54",
    "site_web": "https://njc77.com/",
    "adresse": "2 Pl. Edmond Floury, 77170 Coubert, France",
    "code_postal": "77170",
    "ville": "Coubert, France",
    "note": 5.0,
    "nb_avis": 7,
    "recherche": "plombier",
    "ville_recherche": "Courquetaine"
  },
  {
    "nom": "Plomberie de la tour",
    "telephone": "01 64 00 16 11",
    "site_web": null,
    "adresse": "6 Rue Notre Dame, 77160 Provins, France",
    "code_postal": "77160",
    "ville": "Provins, France",
    "note": 4.7,
    "nb_avis": 7,
    "recherche": "plombier",
    "ville_recherche": "Vieux-Champagne"
  },
  {
    "nom": "Chauffage MP",
    "telephone": "09 50 40 04 18",
    "site_web": "http://www.chauffagemp.com/",
    "adresse": "21 Av. de Verdun, 77610 Fontenay-Trésigny, France",
    "code_postal": "77610",
    "ville": "Fontenay-Trésigny, France",
    "note": 5.0,
    "nb_avis": 99,
    "recherche": "plombier",
    "ville_recherche": "Courquetaine"
  },
  {
    "nom": "Monsieur Plombier",
    "telephone": "07 64 89 84 83",
    "site_web": "https://www.monsieurplombier.net/",
    "adresse": null,
    "code_postal": null,
    "ville": null,
    "note": 4.7,
    "nb_avis": 56,
    "recherche": "plombier",
    "ville_recherche": "Vieux-Champagne"
  },
  {
    "nom": "Felbacq Plomberie S.A.S",
    "telephone": "06 98 72 91 84",
    "site_web": "https://www.facebook.com/Felbacq-Plomberie-105688391570640",
    "adresse": null,
    "code_postal": null,
    "ville": null,
    "note": 5.0,
    "nb_avis": 12,
    "recherche": "plombier",
    "ville_recherche": "La Chapelle-Iger"
  },
  {
    "nom": "ENTREPRISE CHATEAU",
    "telephone": "06 62 28 64 23",
    "site_web": "https://www.entreprise-chateau.fr/",
    "adresse": "5 Rue de Rome, 77540 Rozay-en-Brie, France",
    "code_postal": "77540",
    "ville": "Rozay-en-Brie, France",
    "note": 4.7,
    "nb_avis": 228,
    "recherche": "plombier",
    "ville_recherche": "Vieux-Champagne"
  },
  {
    "nom": "Thomservices - Plomberie Solers",
    "telephone": "06 64 35 68 31",
    "site_web": "https://thom-services.fr/",
    "adresse": "45 Grande Rue, 77111 Solers, France",
    "code_postal": "77111",
    "ville": "Solers, France",
    "note": 5.0,
    "nb_avis": 19,
    "recherche": "plombier",
    "ville_recherche": "La Chapelle-Iger"
  },
  {
    "nom": "Ent Fourques",
    "telephone": "06 30 98 58 10",
    "site_web": "https://www.facebook.com/Ent-Fourques-102766085118646",
    "adresse": "7 E Rue de la Margottière, 77154 Villeneuve-les-Bordes, France",
    "code_postal": "77154",
    "ville": "Villeneuve-les-Bordes, France",
    "note": 4.7,
    "nb_avis": 20,
    "recherche": "plombier",
    "ville_recherche": "Vieux-Champagne"
  },
  {
    "nom": "Noelzil Entreprise | Plombier | Spécialiste de la salle de bains (77)",
    "telephone": "06 24 24 85 42",
    "site_web": "https://www.plombiernoelzil.fr/",
    "adresse": "57Q Rue de Paris, 77860 Saint-Germain-sur-Morin, France",
    "code_postal": "77860",
    "ville": "Saint-Germain-sur-Morin, France",
    "note": 5.0,
    "nb_avis": 12,
    "recherche": "plombier",
    "ville_recherche": "La Chapelle-Iger"
  },
  {
    "nom": "Pouplier Alain",
    "telephone": "06 64 57 22 80",
    "site_web": null,
    "adresse": "22 Rue des Fermés, 77130 Marolles-sur-Seine, France",
    "code_postal": "77130",
    "ville": "Marolles-sur-Seine, France",
    "note": 4.7,
    "nb_avis": 83,
    "recherche": "plombier",
    "ville_recherche": "Vieux-Champagne"
  },
  {
    "nom": "Ets Leforge Et Fils",
    "telephone": "01 60 18 92 50",
    "site_web": "https://www.leforge-et-fils.fr/?utm_source=gbp&utm_medium=organic&utm_campaign=woozup_pontault_combault&utm_content=lien_principal",
    "adresse": "2 Rue du Pré des Aulnes, 77340 Pontault-Combault, France",
    "code_postal": "77340",
    "ville": "Pontault-Combault, France",
    "note": 5.0,
    "nb_avis": 764,
    "recherche": "plombier",
    "ville_recherche": "La Chapelle-Iger"
  },
  {
    "nom": "Felbacq Plomberie S.A.S",
    "telephone": "06 98 72 91 84",
    "site_web": "https://www.facebook.com/Felbacq-Plomberie-105688391570640",
    "adresse": null,
    "code_postal": null,
    "ville": null,
    "note": 5.0,
    "nb_avis": 12,
    "recherche": "plombier",
    "ville_recherche": "Courquetaine"
  },
  {
    "nom": "LD EAUX",
    "telephone": "07 53 69 15 40",
    "site_web": "https://www.ldeaux.fr/",
    "adresse": null,
    "code_postal": null,
    "ville": null,
    "note": 5.0,
    "nb_avis": 87,
    "recherche": "plombier",
    "ville_recherche": "La Chapelle-Iger"
  },
  {
    "nom": "Artisan Plombier - Ets TORTOSA",
    "telephone": "01 85 10 04 00",
    "site_web": "http://www.gagny-plombier.fr/",
    "adresse": "2-4 Av. Jean Jaurès, 93220 Gagny, France",
    "code_postal": "93220",
    "ville": "Gagny, France",
    "note": 5.0,
    "nb_avis": 522,
    "recherche": "plombier",
    "ville_recherche": "La Chapelle-Iger"
  },
  {
    "nom": "Eco Serv Plomberie",
    "telephone": "01 64 42 00 18",
    "site_web": "https://ecoservplomberie.fr/",
    "adresse": null,
    "code_postal": null,
    "ville": null,
    "note": 5.0,
    "nb_avis": 29,
    "recherche": "plombier",
    "ville_recherche": "Courquetaine"
  },
  {
    "nom": "Druelle Plomberie",
    "telephone": "07 78 25 07 81",
    "site_web": "https://www.druelle-plomberie.fr/",
    "adresse": "8 Pl. du Lavoir, 77185 Lognes, France",
    "code_postal": "77185",
    "ville": "Lognes, France",
    "note": 5.0,
    "nb_avis": 22,
    "recherche": "plombier",
    "ville_recherche": "La Chapelle-Iger"
  },
  {
    "nom": "S.P.C - SANTIAGO-PLOMBERIE-CHAUFFAGE",
    "telephone": "07 70 14 72 17",
    "site_web": null,
    "adresse": "18 bis Rue de l'Église, 77720 Saint-Méry, France",
    "code_postal": "77720",
    "ville": "Saint-Méry, France",
    "note": 5.0,
    "nb_avis": 15,
    "recherche": "plombier",
    "ville_recherche": "Courquetaine"
  },
  {
    "nom": "DAVOIGNEAU GARNIER",
    "telephone": "01 60 70 50 01",
    "site_web": "http://www.facebook.com/davoigneaugarnier?utm_source=gmb",
    "adresse": "ZI Les Renardières, Rue les Montelièvres, 77250 Moret-Loing-et-Orvanne, France",
    "code_postal": "77250",
    "ville": "Moret-Loing-et-Orvanne, France",
    "note": 5.0,
    "nb_avis": 41,
    "recherche": "plombier",
    "ville_recherche": "La Chapelle-Iger"
  },
  {
    "nom": "IM Services-plomberie/chauffage/climatisation",
    "telephone": "07 67 54 57 77",
    "site_web": null,
    "adresse": "5 bis Rue de Vilpré, 77540 Rozay-en-Brie, France",
    "code_postal": "77540",
    "ville": "Rozay-en-Brie, France",
    "note": 5.0,
    "nb_avis": 18,
    "recherche": "plombier",
    "ville_recherche": "Courquetaine"
  },
  {
    "nom": "Plombier Chauffagiste 77",
    "telephone": "01 64 00 68 01",
    "site_web": "https://www.adpc-77.fr/",
    "adresse": "14 Pl. de l'Église, 77970 Jouy-le-Châtel, France",
    "code_postal": "77970",
    "ville": "Jouy-le-Châtel, France",
    "note": 5.0,
    "nb_avis": 37,
    "recherche": "plombier",
    "ville_recherche": "La Chapelle-Iger"
  },
  {
    "nom": "Mh2x - Plomberie / Chauffage / Aménagement intérieur",
    "telephone": "06 62 24 37 03",
    "site_web": "http://mh2x.fr/",
    "adresse": "20 Rue de l'Hospice, 77540 Lumigny-Nesles-Ormeaux, France",
    "code_postal": "77540",
    "ville": "Lumigny-Nesles-Ormeaux, France",
    "note": 5.0,
    "nb_avis": 5,
    "recherche": "plombier",
    "ville_recherche": "Courquetaine"
  },
  {
    "nom": "Coserdi Sanitherm",
    "telephone": null,
    "site_web": "https://www.coserdi.be/",
    "adresse": "Rue de la Montagne 31, 5500 Dinant, Belgique",
    "code_postal": null,
    "ville": null,
    "note": 5.0,
    "nb_avis": 2,
    "recherche": "plombier",
    "ville_recherche": "Diant"
  },
  {
    "nom": "Oudar Michaël - chauffage",
    "telephone": null,
    "site_web": "https://www.chauffagesanitaire-oudar.be/",
    "adresse": null,
    "code_postal": null,
    "ville": null,
    "note": 5.0,
    "nb_avis": 10,
    "recherche": "plombier",
    "ville_recherche": "Diant"
  },
  {
    "nom": "David labbé chauffage-sanitaire-ventilation-plomberie",
    "telephone": null,
    "site_web": "https://www.labbechauffage.be/",
    "adresse": null,
    "code_postal": null,
    "ville": null,
    "note": 5.0,
    "nb_avis": 6,
    "recherche": "plombier",
    "ville_recherche": "Diant"
  },
  {
    "nom": "Oudar Michaël Chauffage",
    "telephone": null,
    "site_web": "https://www.chauffagesanitaire-oudar.be/",
    "adresse": "Rue de Foy-Notre-Dame 21, 5503 Dinant, Belgique",
    "code_postal": null,
    "ville": null,
    "note": 5.0,
    "nb_avis": null,
    "recherche": "plombier",
    "ville_recherche": "Diant"
  },
  {
    "nom": "Entreprise Perault - Plombier / Chauffagiste",
    "telephone": "06 75 92 81 12",
    "site_web": "https://www.entrepriseperault.fr/",
    "adresse": null,
    "code_postal": null,
    "ville": null,
    "note": 5.0,
    "nb_avis": 12,
    "recherche": "plombier",
    "ville_recherche": "Diant"
  },
  {
    "nom": "Monsieur Plombier",
    "telephone": "07 64 89 84 83",
    "site_web": "https://www.monsieurplombier.net/",
    "adresse": null,
    "code_postal": null,
    "ville": null,
    "note": 4.9,
    "nb_avis": 56,
    "recherche": "plombier",
    "ville_recherche": "Champcenest"
  },
  {
    "nom": "Pplomberie",
    "telephone": "06 47 70 86 83",
    "site_web": "http://arfaoui-plomberie.fr/",
    "adresse": "31 Rue Père Sanson, 14000 Caen, France",
    "code_postal": "14000",
    "ville": "Caen, France",
    "note": 4.7,
    "nb_avis": 156,
    "recherche": "plombier",
    "ville_recherche": "La Tombe"
  },
  {
    "nom": "La Plomberie Cernoise",
    "telephone": "06 81 20 72 93",
    "site_web": null,
    "adresse": "16 Rue Eperviers, 77320 Cerneux, France",
    "code_postal": "77320",
    "ville": "Cerneux, France",
    "note": 4.9,
    "nb_avis": 35,
    "recherche": "plombier",
    "ville_recherche": "Champcenest"
  },
  {
    "nom": "Voilà le Plombier",
    "telephone": "06 20 28 82 35",
    "site_web": null,
    "adresse": null,
    "code_postal": null,
    "ville": null,
    "note": 4.7,
    "nb_avis": 21,
    "recherche": "plombier",
    "ville_recherche": "La Tombe"
  },
  {
    "nom": "MORIN PERE ET FILS",
    "telephone": "06 85 56 60 86",
    "site_web": "https://www.facebook.com/profile.php?id=100055487095821",
    "adresse": "10 bis Rue Neuve-Dieu, 77160 Provins, France",
    "code_postal": "77160",
    "ville": "Provins, France",
    "note": 4.9,
    "nb_avis": 191,
    "recherche": "plombier",
    "ville_recherche": "Champcenest"
  },
  {
    "nom": "JVT plomberie",
    "telephone": "06 78 59 77 28",
    "site_web": null,
    "adresse": null,
    "code_postal": null,
    "ville": null,
    "note": 4.7,
    "nb_avis": 17,
    "recherche": "plombier",
    "ville_recherche": "La Tombe"
  },
  {
    "nom": "Bruno Schotte",
    "telephone": "06 64 33 40 29",
    "site_web": null,
    "adresse": "12 Rue du Gué, 77560 Villiers-Saint-Georges, France",
    "code_postal": "77560",
    "ville": "Villiers-Saint-Georges, France",
    "note": 4.9,
    "nb_avis": 12,
    "recherche": "plombier",
    "ville_recherche": "Champcenest"
  },
  {
    "nom": "BK Services | Urgence plombier, chauffagiste",
    "telephone": "07 44 91 33 05",
    "site_web": "https://bk-services-depannage.com/",
    "adresse": null,
    "code_postal": null,
    "ville": null,
    "note": 4.7,
    "nb_avis": 94,
    "recherche": "plombier",
    "ville_recherche": "La Tombe"
  },
  {
    "nom": "Batyconstruction",
    "telephone": "06 42 07 21 57",
    "site_web": "https://www.batyconstruction.fr/",
    "adresse": "3 BIS Pl. de l'Église, 77560 Champcenest, France",
    "code_postal": "77560",
    "ville": "Champcenest, France",
    "note": 4.9,
    "nb_avis": 8,
    "recherche": "plombier",
    "ville_recherche": "Champcenest"
  },
  {
    "nom": "Trupin Ludovic",
    "telephone": "03 21 31 94 13",
    "site_web": "http://www.ludovic-trupin.fr/",
    "adresse": "112 Rte de Paris, 62280 Saint-Martin-Boulogne, France",
    "code_postal": "62280",
    "ville": "Saint-Martin-Boulogne, France",
    "note": 4.7,
    "nb_avis": 33,
    "recherche": "plombier",
    "ville_recherche": "La Tombe"
  },
  {
    "nom": "Plomberie de la tour",
    "telephone": "01 64 00 16 11",
    "site_web": null,
    "adresse": "6 Rue Notre Dame, 77160 Provins, France",
    "code_postal": "77160",
    "ville": "Provins, France",
    "note": 4.9,
    "nb_avis": 7,
    "recherche": "plombier",
    "ville_recherche": "Champcenest"
  },
  {
    "nom": "3l Plombier Chauffagiste",
    "telephone": "07 88 50 29 75",
    "site_web": "https://www.facebook.com/3L-plombier-chauffagiste-109373737580512/",
    "adresse": "23 Rue des Jacinthes, 62138 Haisnes, France",
    "code_postal": "62138",
    "ville": "Haisnes, France",
    "note": 4.7,
    "nb_avis": 45,
    "recherche": "plombier",
    "ville_recherche": "La Tombe"
  },
  {
    "nom": "Plombier Chauffagiste 77 | ADPC",
    "telephone": "06 26 34 30 71",
    "site_web": "https://societeadpc.fr/",
    "adresse": "7 Bd Aristide Briand, 77390 Chaumes-en-Brie, France",
    "code_postal": "77390",
    "ville": "Chaumes-en-Brie, France",
    "note": 4.9,
    "nb_avis": 11,
    "recherche": "plombier",
    "ville_recherche": "Champcenest"
  },
  {
    "nom": "Marcin Jérôme",
    "telephone": "07 85 15 72 31",
    "site_web": "https://www.facebook.com/marcinjerome/",
    "adresse": null,
    "code_postal": null,
    "ville": null,
    "note": 4.7,
    "nb_avis": 41,
    "recherche": "plombier",
    "ville_recherche": "La Tombe"
  },
  {
    "nom": "DVRENOV",
    "telephone": null,
    "site_web": null,
    "adresse": "33 Av. des Peupliers, 77560 Champcenest, France",
    "code_postal": "77560",
    "ville": "Champcenest, France",
    "note": 4.9,
    "nb_avis": 7,
    "recherche": "plombier",
    "ville_recherche": "Champcenest"
  },
  {
    "nom": "Maxime Carlier Plomberie",
    "telephone": "06 58 26 08 56",
    "site_web": "https://maxime-carlier-plombier.com/",
    "adresse": null,
    "code_postal": null,
    "ville": null,
    "note": 4.7,
    "nb_avis": 30,
    "recherche": "plombier",
    "ville_recherche": "La Tombe"
  },
  {
    "nom": "Plomberie Solution",
    "telephone": "06 49 58 98 43",
    "site_web": "https://www.plomberie-solution.fr/",
    "adresse": "3 Rue du Moulin, 77720 Bombon, France",
    "code_postal": "77720",
    "ville": "Bombon, France",
    "note": 4.9,
    "nb_avis": 98,
    "recherche": "plombier",
    "ville_recherche": "Champcenest"
  },
  {
    "nom": "LES BONS TUYAUX",
    "telephone": "06 82 31 16 01",
    "site_web": null,
    "adresse": "64 Boulevard Victor Hugo, 62100 Calais, France",
    "code_postal": "62100",
    "ville": "Calais, France",
    "note": 4.7,
    "nb_avis": 56,
    "recherche": "plombier",
    "ville_recherche": "La Tombe"
  },
  {
    "nom": "ENTREPRISE CHATEAU",
    "telephone": "06 62 28 64 23",
    "site_web": "https://www.entreprise-chateau.fr/",
    "adresse": "5 Rue de Rome, 77540 Rozay-en-Brie, France",
    "code_postal": "77540",
    "ville": "Rozay-en-Brie, France",
    "note": 4.9,
    "nb_avis": 228,
    "recherche": "plombier",
    "ville_recherche": "Champcenest"
  },
  {
    "nom": "Le Petit Plombier",
    "telephone": "06 88 80 32 86",
    "site_web": "https://www.le-petit-plombier.fr/",
    "adresse": null,
    "code_postal": null,
    "ville": null,
    "note": 4.7,
    "nb_avis": 537,
    "recherche": "plombier",
    "ville_recherche": "La Tombe"
  },
  {
    "nom": "Tomas Lorenzo Luiz",
    "telephone": "07 80 97 85 26",
    "site_web": "http://www.tomas-lorenzo-luiz-plombierparis12.fr/",
    "adresse": "75 Av. Ledru Rollin, 75012 Paris, France",
    "code_postal": "75012",
    "ville": "Paris, France",
    "note": 4.7,
    "nb_avis": 83,
    "recherche": "plombier",
    "ville_recherche": "La Tombe"
  },
  {
    "nom": "Le plombier chauffagiste 77",
    "telephone": "06 21 05 79 94",
    "site_web": "https://plombierchauffagiste77.com/",
    "adresse": null,
    "code_postal": null,
    "ville": null,
    "note": 5.0,
    "nb_avis": 48,
    "recherche": "plombier",
    "ville_recherche": "Germigny-sous-Coulombs"
  },
  {
    "nom": "SARL CNPC 77",
    "telephone": "01 64 04 67 24",
    "site_web": "https://www.pagesjaunes.fr/pros/61282923",
    "adresse": "5 Réveillon, 77169 Saint-Siméon, France",
    "code_postal": "77169",
    "ville": "Saint-Siméon, France",
    "note": 5.0,
    "nb_avis": 15,
    "recherche": "plombier",
    "ville_recherche": "Germigny-sous-Coulombs"
  },
  {
    "nom": "Plombier Chauffagiste 77 | ADPC",
    "telephone": "06 26 34 30 71",
    "site_web": "https://societeadpc.fr/",
    "adresse": "7 Bd Aristide Briand, 77390 Chaumes-en-Brie, France",
    "code_postal": "77390",
    "ville": "Chaumes-en-Brie, France",
    "note": 5.0,
    "nb_avis": 11,
    "recherche": "plombier",
    "ville_recherche": "Germigny-sous-Coulombs"
  },
  {
    "nom": "Plomberie Solution",
    "telephone": "06 49 58 98 43",
    "site_web": "https://www.plomberie-solution.fr/",
    "adresse": "3 Rue du Moulin, 77720 Bombon, France",
    "code_postal": "77720",
    "ville": "Bombon, France",
    "note": 5.0,
    "nb_avis": 98,
    "recherche": "plombier",
    "ville_recherche": "Germigny-sous-Coulombs"
  },
  {
    "nom": "ENTREPRISE CHATEAU",
    "telephone": "06 62 28 64 23",
    "site_web": "https://www.entreprise-chateau.fr/",
    "adresse": "5 Rue de Rome, 77540 Rozay-en-Brie, France",
    "code_postal": "77540",
    "ville": "Rozay-en-Brie, France",
    "note": 5.0,
    "nb_avis": 228,
    "recherche": "plombier",
    "ville_recherche": "Germigny-sous-Coulombs"
  },
  {
    "nom": "Les Compagnons Plombiers.com",
    "telephone": "09 72 13 59 70",
    "site_web": "http://www.lescompagnonsplombiers.com/",
    "adresse": "Av. du 8 Mai 1945, 77176 Savigny-le-Temple, France",
    "code_postal": "77176",
    "ville": "Savigny-le-Temple, France",
    "note": 5.0,
    "nb_avis": 78,
    "recherche": "plombier",
    "ville_recherche": "Germigny-sous-Coulombs"
  },
  {
    "nom": "LD EAUX",
    "telephone": "07 53 69 15 40",
    "site_web": "https://www.ldeaux.fr/",
    "adresse": null,
    "code_postal": null,
    "ville": null,
    "note": 5.0,
    "nb_avis": 87,
    "recherche": "plombier",
    "ville_recherche": "Germigny-sous-Coulombs"
  },
  {
    "nom": "CHAUFFAGE DU MONTOIS",
    "telephone": "01 60 67 30 79",
    "site_web": null,
    "adresse": "20 Rue Raymond Bellague, 77520 Donnemarie-Dontilly, France",
    "code_postal": "77520",
    "ville": "Donnemarie-Dontilly, France",
    "note": 4.9,
    "nb_avis": 17,
    "recherche": "plombier",
    "ville_recherche": "Cessoy-en-Montois"
  },
  {
    "nom": "Bm rénov 77 / IDF",
    "telephone": "07 81 73 37 17",
    "site_web": "https://www.instagram.com/bm_renov_77/",
    "adresse": "2 Rue des Roses, 77520 Cessoy-en-Montois, France",
    "code_postal": "77520",
    "ville": "Cessoy-en-Montois, France",
    "note": 4.9,
    "nb_avis": 2,
    "recherche": "plombier",
    "ville_recherche": "Cessoy-en-Montois"
  },
  {
    "nom": "Espace Aubade Chadapaux Samoreau",
    "telephone": "01 60 74 02 82",
    "site_web": "https://www.espace-aubade.fr/magasins/samoreau-348.html",
    "adresse": "Zone d’activité les Brulis, 110 TER Voie de la Liberté, 77210 Samoreau, France",
    "code_postal": "77210",
    "ville": "Samoreau, France",
    "note": 4.2,
    "nb_avis": 50,
    "recherche": "plombier",
    "ville_recherche": "Courcelles-en-Bassée"
  },
  {
    "nom": "Pouplier Alain",
    "telephone": "06 64 57 22 80",
    "site_web": null,
    "adresse": "22 Rue des Fermés, 77130 Marolles-sur-Seine, France",
    "code_postal": "77130",
    "ville": "Marolles-sur-Seine, France",
    "note": 4.2,
    "nb_avis": 83,
    "recherche": "plombier",
    "ville_recherche": "Courcelles-en-Bassée"
  },
  {
    "nom": "Aux Bons Tuyaux",
    "telephone": "07 66 20 24 15",
    "site_web": "https://www.auxbonstuyaux.fr/",
    "adresse": "10 Rue Félix Genty 10 allée, 77370 Nangis, France",
    "code_postal": "77370",
    "ville": "Nangis, France",
    "note": 4.9,
    "nb_avis": 74,
    "recherche": "plombier",
    "ville_recherche": "Cessoy-en-Montois"
  },
  {
    "nom": "SAS BELLINI",
    "telephone": "01 64 31 23 86",
    "site_web": null,
    "adresse": "11 Rue de la Croix St Jacques, 77130 Marolles-sur-Seine, France",
    "code_postal": "77130",
    "ville": "Marolles-sur-Seine, France",
    "note": 4.2,
    "nb_avis": 7,
    "recherche": "plombier",
    "ville_recherche": "Courcelles-en-Bassée"
  },
  {
    "nom": "Erp Systeme - Entreprise générale du bâtiment - Melun",
    "telephone": "01 60 58 92 48",
    "site_web": "https://www.erpsysteme.fr/",
    "adresse": "1 Rue Albert Einstein, 77480 Bray-sur-Seine, France",
    "code_postal": "77480",
    "ville": "Bray-sur-Seine, France",
    "note": 4.9,
    "nb_avis": 15,
    "recherche": "plombier",
    "ville_recherche": "Cessoy-en-Montois"
  },
  {
    "nom": "Plomberie Solution",
    "telephone": "06 49 58 98 43",
    "site_web": "https://www.plomberie-solution.fr/",
    "adresse": "3 Rue du Moulin, 77720 Bombon, France",
    "code_postal": "77720",
    "ville": "Bombon, France",
    "note": 4.2,
    "nb_avis": 98,
    "recherche": "plombier",
    "ville_recherche": "Courcelles-en-Bassée"
  },
  {
    "nom": "DAVOIGNEAU GARNIER",
    "telephone": "01 60 70 50 01",
    "site_web": "http://www.facebook.com/davoigneaugarnier?utm_source=gmb",
    "adresse": "ZI Les Renardières, Rue les Montelièvres, 77250 Moret-Loing-et-Orvanne, France",
    "code_postal": "77250",
    "ville": "Moret-Loing-et-Orvanne, France",
    "note": 4.2,
    "nb_avis": 41,
    "recherche": "plombier",
    "ville_recherche": "Courcelles-en-Bassée"
  },
  {
    "nom": "Ferme de la Grande Vente",
    "telephone": "06 03 67 31 95",
    "site_web": "http://www.fermedelagrandevente.com/",
    "adresse": "Ferme de la Grande Vente, 77127 Courcelles-en-Bassée, France",
    "code_postal": "77127",
    "ville": "Courcelles-en-Bassée, France",
    "note": 4.2,
    "nb_avis": 112,
    "recherche": "plombier",
    "ville_recherche": "Courcelles-en-Bassée"
  },
  {
    "nom": "YPC",
    "telephone": "06 15 25 35 03",
    "site_web": "https://www.facebook.com/profile.php?id=61551010829854",
    "adresse": "6 Rue de Saint-Loup, 77970 Bezalles, France",
    "code_postal": "77970",
    "ville": "Bezalles, France",
    "note": 5.0,
    "nb_avis": 2,
    "recherche": "plombier",
    "ville_recherche": "Bezalles"
  },
  {
    "nom": "Plomberie Solution",
    "telephone": "06 49 58 98 43",
    "site_web": "https://www.plomberie-solution.fr/",
    "adresse": "3 Rue du Moulin, 77720 Bombon, France",
    "code_postal": "77720",
    "ville": "Bombon, France",
    "note": 5.0,
    "nb_avis": 98,
    "recherche": "plombier",
    "ville_recherche": "Bezalles"
  },
  {
    "nom": "Artisan Plombier - Ets TORTOSA",
    "telephone": "01 85 10 04 00",
    "site_web": "http://www.gagny-plombier.fr/",
    "adresse": "2-4 Av. Jean Jaurès, 93220 Gagny, France",
    "code_postal": "93220",
    "ville": "Gagny, France",
    "note": 5.0,
    "nb_avis": 522,
    "recherche": "plombier",
    "ville_recherche": "Bezalles"
  },
  {
    "nom": "LD EAUX",
    "telephone": "07 53 69 15 40",
    "site_web": "https://www.ldeaux.fr/",
    "adresse": null,
    "code_postal": null,
    "ville": null,
    "note": 5.0,
    "nb_avis": 87,
    "recherche": "plombier",
    "ville_recherche": "Bezalles"
  },
  {
    "nom": "CALOREO PLOMBERIE CHAUFFAGE",
    "telephone": "09 81 46 67 43",
    "site_web": "http://www.caloreo.fr/",
    "adresse": "5 Chem. des Claires Fontaines, 77450 Condé-Sainte-Libiaire, France",
    "code_postal": "77450",
    "ville": "Condé-Sainte-Libiaire, France",
    "note": 5.0,
    "nb_avis": 198,
    "recherche": "plombier",
    "ville_recherche": "Bezalles"
  },
  {
    "nom": "Brossel Sas",
    "telephone": "01 64 34 02 63",
    "site_web": "http://www.brossel.fr/",
    "adresse": null,
    "code_postal": null,
    "ville": null,
    "note": 5.0,
    "nb_avis": 21,
    "recherche": "plombier",
    "ville_recherche": "Bezalles"
  },
  {
    "nom": "BELL' Plomberie",
    "telephone": "06 50 27 97 38",
    "site_web": "http://www.bellplomberie.fr/",
    "adresse": null,
    "code_postal": null,
    "ville": null,
    "note": 5.0,
    "nb_avis": 33,
    "recherche": "plombier",
    "ville_recherche": "Bezalles"
  },
  {
    "nom": "Ld Eaux",
    "telephone": "07 53 69 15 40",
    "site_web": "https://www.ldeaux.fr/contact/",
    "adresse": "4 Sq. Alain, 77186 Noisiel, France",
    "code_postal": "77186",
    "ville": "Noisiel, France",
    "note": 5.0,
    "nb_avis": 4,
    "recherche": "plombier",
    "ville_recherche": "Bezalles"
  },
  {
    "nom": "Plombier Repare.com Travaux plomberie salle de bain douche senior chauffage rénovation Assurance DEPANNAGE (77,45,89,91)",
    "telephone": "06 02 45 68 38",
    "site_web": "https://www.plombierrepare.com/",
    "adresse": "6 Rue du Prieuré, 77140 Nemours, France",
    "code_postal": "77140",
    "ville": "Nemours, France",
    "note": 5.0,
    "nb_avis": 58,
    "recherche": "plombier",
    "ville_recherche": "Bezalles"
  },
  {
    "nom": "Commune Bezalles",
    "telephone": "01 64 01 08 02",
    "site_web": null,
    "adresse": "Rue du Veau, 77970 Bezalles, France",
    "code_postal": "77970",
    "ville": "Bezalles, France",
    "note": 5.0,
    "nb_avis": null,
    "recherche": "plombier",
    "ville_recherche": "Bezalles"
  },
  {
    "nom": "Entreprise Perault - Plombier / Chauffagiste",
    "telephone": "06 75 92 81 12",
    "site_web": "https://www.entrepriseperault.fr/",
    "adresse": null,
    "code_postal": null,
    "ville": null,
    "note": 5.0,
    "nb_avis": 12,
    "recherche": "plombier",
    "ville_recherche": "Montmachoux"
  },
  {
    "nom": "Sarl Lbl Plomberie Chauffage Climatisation",
    "telephone": "06 17 73 82 96",
    "site_web": null,
    "adresse": "8 Rue de la Guette, 77130 La Grande-Paroisse, France",
    "code_postal": "77130",
    "ville": "La Grande-Paroisse, France",
    "note": 5.0,
    "nb_avis": 123,
    "recherche": "plombier",
    "ville_recherche": "Montmachoux"
  },
  {
    "nom": "NM Plomberie / Chauffage / Climatisation",
    "telephone": "06 83 38 96 20",
    "site_web": null,
    "adresse": "37 Rue des Vauroux, 77130 La Grande-Paroisse, France",
    "code_postal": "77130",
    "ville": "La Grande-Paroisse, France",
    "note": 5.0,
    "nb_avis": 16,
    "recherche": "plombier",
    "ville_recherche": "Montmachoux"
  },
  {
    "nom": "Pouplier Alain",
    "telephone": "06 64 57 22 80",
    "site_web": null,
    "adresse": "22 Rue des Fermés, 77130 Marolles-sur-Seine, France",
    "code_postal": "77130",
    "ville": "Marolles-sur-Seine, France",
    "note": 5.0,
    "nb_avis": 83,
    "recherche": "plombier",
    "ville_recherche": "Montmachoux"
  },
  {
    "nom": "Gibault Christophe",
    "telephone": "06 85 48 15 20",
    "site_web": null,
    "adresse": "22 Bis Bd Chéreau, 77130 Montereau-Fault-Yonne, France",
    "code_postal": "77130",
    "ville": "Montereau-Fault-Yonne, France",
    "note": 5.0,
    "nb_avis": 16,
    "recherche": "plombier",
    "ville_recherche": "Montmachoux"
  },
  {
    "nom": "Espace Aubade Comet Pithiviers",
    "telephone": "02 38 40 00 40",
    "site_web": "https://www.espace-aubade.fr/magasins/pithiviers-173.html",
    "adresse": "Rue Jean Monnet, 45300 Pithiviers, France",
    "code_postal": "45300",
    "ville": "Pithiviers, France",
    "note": 4.2,
    "nb_avis": 38,
    "recherche": "plombier",
    "ville_recherche": "Fromont"
  },
  {
    "nom": "Chris plomb",
    "telephone": "06 47 58 70 90",
    "site_web": null,
    "adresse": "6 Chem. de Bardilly, 45390 Desmonts, France",
    "code_postal": "45390",
    "ville": "Desmonts, France",
    "note": 4.2,
    "nb_avis": 4,
    "recherche": "plombier",
    "ville_recherche": "Fromont"
  },
  {
    "nom": "BEKA Plomberie",
    "telephone": "07 81 22 19 97",
    "site_web": null,
    "adresse": "2 Grande Ruelle, 77760 Amponville, France",
    "code_postal": "77760",
    "ville": "Amponville, France",
    "note": 4.2,
    "nb_avis": 15,
    "recherche": "plombier",
    "ville_recherche": "Fromont"
  },
  {
    "nom": "VL Plomberie Chauffage",
    "telephone": "06 26 79 27 04",
    "site_web": null,
    "adresse": null,
    "code_postal": null,
    "ville": null,
    "note": 5.0,
    "nb_avis": 31,
    "recherche": "plombier",
    "ville_recherche": "Trocy-en-Multien"
  },
  {
    "nom": "Brossel Sas",
    "telephone": "01 64 34 02 63",
    "site_web": "http://www.brossel.fr/",
    "adresse": null,
    "code_postal": null,
    "ville": null,
    "note": 5.0,
    "nb_avis": 21,
    "recherche": "plombier",
    "ville_recherche": "Trocy-en-Multien"
  },
  {
    "nom": "Karu Plomberie Chauffage",
    "telephone": "07 81 94 65 55",
    "site_web": null,
    "adresse": null,
    "code_postal": null,
    "ville": null,
    "note": 4.9,
    "nb_avis": 17,
    "recherche": "plombier",
    "ville_recherche": "Vaux-sur-Lunain"
  },
  {
    "nom": "Boucheron Charles",
    "telephone": "06 17 95 59 69",
    "site_web": "http://boucheron.site-solocal.com/",
    "adresse": null,
    "code_postal": null,
    "ville": null,
    "note": 4.9,
    "nb_avis": 5,
    "recherche": "plombier",
    "ville_recherche": "Vaux-sur-Lunain"
  },
  {
    "nom": "AVS Dépannage Plomberie / Chauffage",
    "telephone": "06 18 43 09 87",
    "site_web": null,
    "adresse": null,
    "code_postal": null,
    "ville": null,
    "note": 4.9,
    "nb_avis": 7,
    "recherche": "plombier",
    "ville_recherche": "Vaux-sur-Lunain"
  },
  {
    "nom": "MMchauffage",
    "telephone": null,
    "site_web": "https://www.facebook.com/pages/category/Plumbing-Service/MMchauffage-264855974172325/",
    "adresse": "Rue Hovade 2/4, 4130 Esneux, Belgique",
    "code_postal": null,
    "ville": null,
    "note": 5.0,
    "nb_avis": 1,
    "recherche": "plombier",
    "ville_recherche": "Meigneux"
  },
  {
    "nom": "Entreprise Perault - Plombier / Chauffagiste",
    "telephone": "06 75 92 81 12",
    "site_web": "https://www.entrepriseperault.fr/",
    "adresse": null,
    "code_postal": null,
    "ville": null,
    "note": 4.9,
    "nb_avis": 12,
    "recherche": "plombier",
    "ville_recherche": "Vaux-sur-Lunain"
  },
  {
    "nom": "EURL FERON Vigneux-sur-Seine",
    "telephone": "01 69 40 08 55",
    "site_web": null,
    "adresse": "67 Rue des Camélias, 91270 Vigneux-sur-Seine, France",
    "code_postal": "91270",
    "ville": "Vigneux-sur-Seine, France",
    "note": 5.0,
    "nb_avis": 1,
    "recherche": "plombier",
    "ville_recherche": "Meigneux"
  },
  {
    "nom": "Plomberie Chauffage Mevel",
    "telephone": "03 86 96 67 32",
    "site_web": null,
    "adresse": null,
    "code_postal": null,
    "ville": null,
    "note": 4.9,
    "nb_avis": 5,
    "recherche": "plombier",
    "ville_recherche": "Vaux-sur-Lunain"
  },
  {
    "nom": "Eco Fl'eau Services",
    "telephone": "01 83 75 02 37",
    "site_web": "https://www.ecfls.com/",
    "adresse": "9 Rue du Jeu, 77390 Guignes, France",
    "code_postal": "77390",
    "ville": "Guignes, France",
    "note": 5.0,
    "nb_avis": 2,
    "recherche": "plombier",
    "ville_recherche": "Meigneux"
  },
  {
    "nom": "Kd plomberie chauffage",
    "telephone": "01 64 22 14 15",
    "site_web": null,
    "adresse": "2 bis Rte de Villemaréchal, 77710 Villemaréchal, France",
    "code_postal": "77710",
    "ville": "Villemaréchal, France",
    "note": 4.9,
    "nb_avis": 2,
    "recherche": "plombier",
    "ville_recherche": "Vaux-sur-Lunain"
  },
  {
    "nom": "ENTREPRISE ESPERO - Chauffagiste",
    "telephone": "06 10 86 26 25",
    "site_web": "http://www.chauffage-plomberie-espero.fr/?utm_medium=referral&utm_source=gmb&utm_campaign=lnk-gmb",
    "adresse": "14 Av. Paul Vaillant-Couturier, 91270 Vigneux-sur-Seine, France",
    "code_postal": "91270",
    "ville": "Vigneux-sur-Seine, France",
    "note": 5.0,
    "nb_avis": 34,
    "recherche": "plombier",
    "ville_recherche": "Meigneux"
  },
  {
    "nom": "LmPlomberie",
    "telephone": "06 61 23 51 82",
    "site_web": null,
    "adresse": null,
    "code_postal": null,
    "ville": null,
    "note": 4.9,
    "nb_avis": 34,
    "recherche": "plombier",
    "ville_recherche": "Vaux-sur-Lunain"
  },
  {
    "nom": "Plombier.com",
    "telephone": "01 42 64 64 64",
    "site_web": "https://www.plombier.com/",
    "adresse": "8 Rue de Valmy, 93100 Montreuil, France",
    "code_postal": "93100",
    "ville": "Montreuil, France",
    "note": 5.0,
    "nb_avis": 412,
    "recherche": "plombier",
    "ville_recherche": "Meigneux"
  },
  {
    "nom": "Société Dupont Energies",
    "telephone": "07 75 76 56 12",
    "site_web": null,
    "adresse": "9 Chem. du Vaublin, 89690 Chéroy, France",
    "code_postal": "89690",
    "ville": "Chéroy, France",
    "note": 4.9,
    "nb_avis": 4,
    "recherche": "plombier",
    "ville_recherche": "Vaux-sur-Lunain"
  },
  {
    "nom": "DAVOIGNEAU GARNIER",
    "telephone": "01 60 70 50 01",
    "site_web": "http://www.facebook.com/davoigneaugarnier?utm_source=gmb",
    "adresse": "ZI Les Renardières, Rue les Montelièvres, 77250 Moret-Loing-et-Orvanne, France",
    "code_postal": "77250",
    "ville": "Moret-Loing-et-Orvanne, France",
    "note": 5.0,
    "nb_avis": 41,
    "recherche": "plombier",
    "ville_recherche": "Meigneux"
  },
  {
    "nom": "ADST 77",
    "telephone": "07 67 63 26 28",
    "site_web": "https://www.adst77.fr/",
    "adresse": "15 Rue de la Plaine, 77940 Blennes, France",
    "code_postal": "77940",
    "ville": "Blennes, France",
    "note": 4.9,
    "nb_avis": 2,
    "recherche": "plombier",
    "ville_recherche": "Vaux-sur-Lunain"
  },
  {
    "nom": "Aspect 91",
    "telephone": "01 69 21 28 70",
    "site_web": "http://www.aspect91.com/",
    "adresse": "60 Bd Aristide Briand, 91600 Savigny-sur-Orge, France",
    "code_postal": "91600",
    "ville": "Savigny-sur-Orge, France",
    "note": 5.0,
    "nb_avis": 114,
    "recherche": "plombier",
    "ville_recherche": "Meigneux"
  },
  {
    "nom": "AJF Plomberie",
    "telephone": "06 10 28 44 32",
    "site_web": "https://www.instagram.com/ajf.plomberie/",
    "adresse": "3bis Rue des Bourguignons, 77710 Treuzy-Levelay, France",
    "code_postal": "77710",
    "ville": "Treuzy-Levelay, France",
    "note": 4.9,
    "nb_avis": 22,
    "recherche": "plombier",
    "ville_recherche": "Vaux-sur-Lunain"
  },
  {
    "nom": "ARTI'PLOMBERIE",
    "telephone": "07 71 72 73 73",
    "site_web": "https://www.arti-plomberie.fr/contact-plombier-pochateau.html",
    "adresse": "8 Bis Le Bas Callac, 44160 Pontchâteau, France",
    "code_postal": "44160",
    "ville": "Pontchâteau, France",
    "note": 5.0,
    "nb_avis": 1,
    "recherche": "plombier",
    "ville_recherche": "Meigneux"
  },
  {
    "nom": "M.P.C - Plomberie et Salle de bain",
    "telephone": "07 76 54 91 30",
    "site_web": null,
    "adresse": "27 Av. des Tilleuls, 77710 Nanteau-sur-Lunain, France",
    "code_postal": "77710",
    "ville": "Nanteau-sur-Lunain, France",
    "note": 4.9,
    "nb_avis": 5,
    "recherche": "plombier",
    "ville_recherche": "Vaux-sur-Lunain"
  },
  {
    "nom": "Dequirot Christophe",
    "telephone": "02 96 43 66 72",
    "site_web": null,
    "adresse": "Ker Gouant, 22390 Bourbriac, France",
    "code_postal": "22390",
    "ville": "Bourbriac, France",
    "note": 5.0,
    "nb_avis": 5,
    "recherche": "plombier",
    "ville_recherche": "Meigneux"
  },
  {
    "nom": "SP Plomberie 77",
    "telephone": "06 85 53 65 00",
    "site_web": null,
    "adresse": null,
    "code_postal": null,
    "ville": null,
    "note": 4.9,
    "nb_avis": 2,
    "recherche": "plombier",
    "ville_recherche": "Vaux-sur-Lunain"
  },
  {
    "nom": "Gwen FLOCH",
    "telephone": "02 98 79 22 74",
    "site_web": "http://www.gwen-floch.com/",
    "adresse": "Rte de Saint-Eloi, 29650 Plouigneau, France",
    "code_postal": "29650",
    "ville": "Plouigneau, France",
    "note": 5.0,
    "nb_avis": 11,
    "recherche": "plombier",
    "ville_recherche": "Meigneux"
  },
  {
    "nom": "Génération Plomberie – Dépannage & installations",
    "telephone": "06 82 06 70 70",
    "site_web": null,
    "adresse": "4 Imp. Mercier, 89150 Villebougis, France",
    "code_postal": "89150",
    "ville": "Villebougis, France",
    "note": 4.9,
    "nb_avis": 24,
    "recherche": "plombier",
    "ville_recherche": "Vaux-sur-Lunain"
  },
  {
    "nom": "SCE Espargilière",
    "telephone": "01 69 03 71 77",
    "site_web": "http://www.espargiliere.fr/",
    "adresse": "240 Bd Henri Barbusse, 91210 Draveil, France",
    "code_postal": "91210",
    "ville": "Draveil, France",
    "note": 5.0,
    "nb_avis": 289,
    "recherche": "plombier",
    "ville_recherche": "Meigneux"
  },
  {
    "nom": "DM Plomberie",
    "telephone": "07 84 67 42 05",
    "site_web": null,
    "adresse": "62 Rue Edmond Hubert, 77620 Égreville, France",
    "code_postal": "77620",
    "ville": "Égreville, France",
    "note": 4.9,
    "nb_avis": 3,
    "recherche": "plombier",
    "ville_recherche": "Vaux-sur-Lunain"
  },
  {
    "nom": "FONTENY THIBAULT PLOMBERIE CHAUFFAGE",
    "telephone": "06 75 87 51 91",
    "site_web": "https://www.fonteny-thibault.fr/",
    "adresse": null,
    "code_postal": null,
    "ville": null,
    "note": 4.9,
    "nb_avis": 17,
    "recherche": "plombier",
    "ville_recherche": "Vaux-sur-Lunain"
  },
  {
    "nom": "BD Plomberie Chauffage",
    "telephone": "06 31 13 66 92",
    "site_web": "http://bdplomberiechauffage.site-solocal.com/?utm_source=gmb",
    "adresse": "2 Pl. de la Mairie, 89150 Dollot, France",
    "code_postal": "89150",
    "ville": "Dollot, France",
    "note": 4.9,
    "nb_avis": 5,
    "recherche": "plombier",
    "ville_recherche": "Vaux-sur-Lunain"
  },
  {
    "nom": "AB PLOMBERIE CHAUFFAGE",
    "telephone": "06 17 31 37 50",
    "site_web": "https://fauvinruddyclaudejeanpaul.site-solocal.com/",
    "adresse": "43 Rte de Bransles, 45210 Ferrières-en-Gâtinais, France",
    "code_postal": "45210",
    "ville": "Ferrières-en-Gâtinais, France",
    "note": 4.9,
    "nb_avis": 10,
    "recherche": "plombier",
    "ville_recherche": "Vaux-sur-Lunain"
  },
  {
    "nom": "APL SERVICES TRAVAUX",
    "telephone": "06 52 49 31 53",
    "site_web": "http://aplservicestravaux.site-solocal.com/",
    "adresse": null,
    "code_postal": null,
    "ville": null,
    "note": 4.9,
    "nb_avis": null,
    "recherche": "plombier",
    "ville_recherche": "Vaux-sur-Lunain"
  }
]