{
  "77": ["Meaux", "Melun", "Fontainebleau", "Provins", "Coulommiers", "Nemours", "Montereau-Fault-Yonne", "Chelles", "Torcy", "Lagny-sur-Marne"],
  "78": ["Versailles", "Mantes-la-Jolie", "Rambouillet", "Saint-Germain-en-Laye", "Poissy", "Montigny-le-Bretonneux", "Les Mureaux", "Sartrouville", "Conflans-Sainte-Honorine", "Plaisir"],
  "91": ["Évry", "Corbeil-Essonnes", "Massy", "Palaiseau", "Savigny-sur-Orge", "Athis-Mons", "Viry-Châtillon", "Ris-Orangis", "Grigny", "Yerres"],
  "92": ["Nanterre", "Boulogne-Billancourt", "Asnières-sur-Seine", "Colombes", "Courbevoie", "Rueil-Malmaison", "Antony", "Clichy", "Issy-les-Moulineaux", "Levallois-Perret"],
  "93": ["Bobigny", "Saint-Denis", "Aubervilliers", "Drancy", "Noisy-le-Grand", "Pantin", "Le Blanc-Mesnil", "La Courneuve", "Montreuil", "Bondy"],
  "94": ["Créteil", "Vitry-sur-Seine", "Champigny-sur-Marne", "Nogent-sur-Marne", "Fontenay-sous-Bois", "Saint-Maur-des-Fossés", "Ivry-sur-Seine", "Maisons-Alfort", "Villeneuve-Saint-Georges", "Thiais"],
  "95": ["Pontoise", "Argenteuil", "Sarcelles", "Garges-lès-Gonesse", "Beaumont-sur-Oise", "L'Isle-Adam", "Persan", "Montmorency", "Enghien-les-Bains", "Ermont"]
}


